Club Name,Recordings,Teams
Rayo Vallecano,413,61
Albion SC Las Vegas,1050,46
NEWARK FC,1936,43
Ambassadors FC,2400,41
Access Sport,2727,39
AS Laval,856,39
ALBION SC Hawaii,565,38
AFC Lightning,780,37
AC Connecticut,354,37
AL AIN FC YOUTH ACADEMY,794,34
AFC Knowsley,226,33
Almaden Valley FC,1058,32
City Sporting Club,720,29
ABHA CLUB,587,29
ALBION SC San Diego,792,28
ALBION SC Riverside,549,27
Aisling Annacotty AFC,459,27
ALBION CV,214,27
Ajax,479,24
âš½,333,24
Ames Soccer Club,300,24
Soccer Elite Academy,658,23
AC Brea,348,23
AiSCOUT,225,22
ARFC,153,21
ALBION SC Nashville,568,20
AYSO Region 97,498,20
Agawam Soccer Association,241,20
AFC Pogmoor,188,20
ALBION SC Portland,142,20
Ajax,933,19
Allstars,286,19
Ajax,160,19
AIRBUS UK BROUGHTON FC,630,18
0. TORNEOMANIA EYEBALL,601,18
AFC Sudbury,596,18
AB TÃ¥rnby,483,18
AC Inspire,435,18
Allegheny Force,215,18
AFC Ewell,206,18
Aalborg KFUM Fodbold,157,18
A.D. Sporting Hortaleza,147,18
ACS Cobham International School,115,18
AFC Rushden & Diamonds,392,17
Atlas fc,174,17
DELRAY RUSH,10,17
ALBION SC Boulder County,1212,16
The Dons,1115,16
Academia Germana,1015,16
AAYSA,784,16
Altona Magic Soccer Club,508,16
ACBB,427,16
Agawam Basketball Association,354,16
180 Soccer,280,16
Ajax MPFC,176,16
Alliance FC,153,16
Addlestone F.C,108,16
Alpharetta Ambush Soccer Club,77,16
Alive King's Lynn Community Football,623,15
Alleycats,460,15
Amman FC,340,15
AFC Whyteleafe Youth,225,15
Ajax SC,221,15
All Saints Toongabbie Tigers,167,15
ADAMOIS O.,79,15
Ã„lvsjÃ¶ AIK,982,14
Alpine Strikers FC,314,14
Al Jazira Club Football Academy,272,14
Aiken Futbol Club,184,14
2021 Super Y National Finals,95,14
AFC-Video,2,14
UoB Sports,503,13
AM,438,13
Accrington Stanley Football Club,413,13
Achilles FC,296,13
Alianza Petrolera FC,284,13
ALBION SC Central Cal,176,13
AFC'34,135,13
AC Global,134,13
Academica SC,45,13
21st Century Sports,0,13
Abingdon,319,12
Ã„lmhults IF,245,12
BS72,106,12
adiLeague,20,12
.,0,12
7EA,0,12
Al Rayyan,532,11
Alliance FC,510,11
FC BACAU,383,11
ACBB Rugby,355,11
AHFC,315,11
Aabybro HK,194,11
AM Soccer Club,142,11
Cross City SC,134,11
AFC Corsham,132,11
AFC Amsterdam,119,11
Afturelding,110,11
All-In FC TN,80,11
Adamstown Rosebud Junior Football Club,1040,10
Achilles Enschede,403,10
Aggies FC,373,10
PFC. Slavia-1913 Sofia,340,10
253 Lax,279,10
FF Jaro,254,10
AFGC,236,10
AFC06,216,10
ALL4T,215,10
ABS Bathmen,204,10
Poli Aguadulce,196,10
Aars HK,191,10
Ã„lvsborg FF,177,10
Ambassadors,155,10
All-stars,134,10
Toledo-Olivos,97,10
AFC Bolton,90,10
Afc Andrews,85,10
Alleynâ€™s School,53,10
AFC Amsterdam,49,10
AFC SOUTHGATE,36,10
AFC St. MartinÂ·Moos,13,10
Aarslev Boldklub,0,10
AIF,0,10
---,974,9
AEL LIMASSOL,777,9
AEK,745,9
Alvarado FC,394,9
3D,386,9
ã‚¯ãƒ¼ãƒãƒ¼ãƒ»ã‚³ãƒ¼ãƒãƒ³ã‚°ãƒ»ã‚µãƒƒã‚«ãƒ¼ã‚¹ã‚¯ãƒ¼ãƒ«,324,9
Albacete BalompiÃ©,303,9
Ã„lvÃ¤ngens IK,284,9
Amore Soccer,274,9
AAC Eagles Chicago Soccer Academy,264,9
AGRUPACIÃ“N DEPORTIVA CRISTO REY OLEIROS,264,9
AllerÃ¸d Fodbold Klub,250,9
ACNV soccer,240,9
Huima,219,9
Albate HF Calcio,211,9
ACSC,209,9
Aldenham School,202,9
Aberystwyth Town FC,183,9
AIX FC,176,9
All In FC,166,9
ACP15 PARIS,158,9
Agonistica,154,9
AEK-BOCO FC,139,9
AHS,138,9
AS VITRÃ‰,137,9
ALBION SC Atlanta,129,9
Ã…hus Horna BK,113,9
Aalborg Freja,111,9
07 Vestur,104,9
Unnamed Club (_),98,9
ALBION,64,9
Amersham & Chiltern RFC,59,9
Aghada,53,9
Unnamed Club (-),49,9
AC Horsens,860,8
Alinea Somos Uno,623,8
Albion,606,8
Alameda Soccer Club,473,8
Allbrads,437,8
Academia de Fotbal Radu Rebeja,332,8
AFC Bournemouth,266,8
A.C. TRENTO,252,8
ACQUI,240,8
7 Elite Academy,234,8
Adelaide Hills Hawks,230,8
1. FC NÃ¼rnberg,226,8
AFC Kingston Youth,217,8
Albertson Soccer Club,212,8
Alexandra Hills SHS,203,8
*,200,8
Albany Power,182,8
ACEP,182,8
Altona East Phoenix SC,180,8
ASAR,169,8
Aarup Boldklub HÃ¥ndbold,159,8
A3 Soccer,156,8
Lok Leipzig,153,8
AMSG,143,8
Ã…hus IF,134,8
Academy Gil Vicente FC Toronto Inc.,124,8
Cfr Cluj,113,8
AGC Football,110,8
Alton RFC,107,8
Akademia PogoÅ„ Szczecin,104,8
Villa FC,104,8
Academy Soccer Rawreth FC,101,8
Nassau United FC,92,8
Ã…kra,88,8
AFC Gnosall,83,8
A27.,82,8
AIGLES FERTOIS,80,8
AFC DWS,79,8
AC Bobigny 93 Rugby,69,8
AFC Rushden & Diamonds Academy,62,8
Academy Sports Analytic,59,8
Airdrieonians Community Club,48,8
ATCC Legends Soccer,44,8
Alder FC,20,8
3 & D Hoops,1059,7
1G PERFORMANCE,960,7
Nea Salamina Athletic Club,319,7
1. FC SaarbrÃ¼cken e.V.,318,7
Adam Wilkinson,286,7
Ã…lgÃ¥rd Fotballklubb,278,7
FC St. Pauls,251,7
Ã…karp IF,217,7
Adelaide City,208,7
.,199,7
âš½âš½âš½,181,7
Alex Joslyn,156,7
Al-Nassr FC,154,7
345 FC,146,7
360 Soccer Centre,121,7
4ORWARD PTY LTD,119,7
ALS FC,117,7
Aberystwyth RFC,86,7
AFC Dunstable -,85,7
Addison-Classics Elite,81,7
4 Cam DSFC Clubhouse,73,7
1 FC Lauchhau-LauchÃ¤cker,71,7
Aksla,58,7
Academia de Futbol Tocalli,49,7
US Amputee Soccer,45,7
A.D.C ABETXUKO,43,7
Aberdeen Wanderers,39,7
1976,34,7
Steamers,30,7
AB TÃ¥rnby,0,7
AFA Fillies,0,7
AIK Fotboll,0,7
AGF,1838,6
Abinsay FC,589,6
AaB kvinde/pige afd.,487,6
.,451,6
AFC Stoneham,419,6
Ã„lta IF,274,6
A.L FOOTBALL,216,6
Academia Deportivo Cali USA,211,6
2024-2025,209,6
Accrington DC,197,6
1.FC Frankfurt - Nachwuchs,178,6
AYSO United NM,169,6
AFC EAST,153,6
ALNÃ– IF,153,6
956 United 8a,148,6
ALI,140,6
.,138,6
Akademie Kapfenberg,128,6
Winterthur Warriors,114,6
Alleghany,112,6
Alma Soccer,107,6
Irish Soccer Club,103,6
AFC Totton,101,6
ADC Mario Rigamonti 2024-25,98,6
*,96,6
AD Baiao,89,6
ASV Burglengenfeld,66,6
Aces Girls Lacrosse,53,6
Alloa Athletic FC,49,6
ALBION SC Southern Minnesota,44,6
Aireborough RUFC,43,6
2020 NBA Draft,41,6
Warta PoznaÅ„,32,6
Al Hilal,20,6
Alliance Cincinnati SC,20,6
940 Elite,7,6
adouglass,0,6
FK MladÃ¡ Boleslav,0,6
AFC,0,6
Revolution FC,0,6
Alianza Petrolera,0,6
AM,0,6
AaB,996,5
AB,428,5
Akademie FC BanÃ­k Ostrava,349,5
ALSportsVideo,333,5
Alamein FC,307,5
Turbine,286,5
1 click tj,260,5
Alameda SC,259,5
AP Sokolow,216,5
09 Girls,204,5
460 Lacrosse,177,5
Abbotsford Rugby,175,5
Buds,173,5
AFL Queensland,161,5
Aars IdrÃ¦tsklub,160,5
ActiveSG Football Academy,156,5
1.FC Normannia GmÃ¼nd,150,5
SEPSI OSK,146,5
AFC,145,5
ARFC,144,5
2010 Boys,139,5
AHS,134,5
ACSI,129,5
Alboraya UniÃ³n Deportiva,126,5
Manly Allambie United,123,5
Alabama FC ECNL/RL,121,5
Unnamed Club (-),119,5
A3,114,5
Alameda,111,5
Accelerax,106,5
1. FC Spich 1911 e.V.,105,5
Adelaide Omonia Cobras FC,105,5
Ã„lvsborg FF,105,5
Aalborg Chang,101,5
1. FC Langen,100,5
ACS Kids Tampa Brasov,100,5
Alexandria Rugby,99,5
1st Bangor FC,97,5
ADCV,96,5
AE Sant Gregori,95,5
Abergele Rugby Club,93,5
Alpha,93,5
1. FC Eichsfeld,91,5
3FCAcademy,87,5
AYSO Region 120 Costa Mesa,87,5
1.FFC Niederkirchen,86,5
Algonquin College Athletics Department,82,5
Alboraya U.D. Alevin 'A',79,5
Academy 3,76,5
Al Wahda FC,76,5
ACHC,76,5
Ã„IF fotboll,75,5
1.FC Heinsberg-Lieck,74,5
A.C. Mazzo SocietÃ  Sportiva Dilettantistica a R.L,73,5
ABGFC,72,5
Abbey Youth Football Club,70,5
Alphington Football Club,70,5
Acs cormeillais,67,5
A.C.D. A Seca,66,5
AFC Ulten,65,5
Abercynon RFC,63,5
Ac Soissons Rugby,62,5
Alma Soccer,60,5
Ã…motfors IF,60,5
AD Esperanza,58,5
Al Wasl Football Club,58,5
AD San Juan,57,5
American Canyon,57,5
A.D. Santa Marta,54,5
"adc ""Mario Rigamonti"" 2022-2023",53,5
Almerimar UD,53,5
ACADEMY LOKOMOTIV,51,5
Albury United Soccer Club,50,5
ACD Macallesi 1927,49,5
AD CALA POZUELO,48,5
Albion SC Chula Vista-Blanco,48,5
abc,46,5
Alameda Soccer Club-Higgins Teams,46,5
A.C. ARDOR LAZZATE ASSOCIAZIONE SPORTIVA DILETTAN,45,5
ALTA BRIANZA S.S.D. A R.L,44,5
Alliance,43,5
ABC BranÃ­k,42,5
ALC Longvic,42,5
ACYSO,40,5
Pro Palazzolo,38,5
1.FC-TSG KÃ¶nigstein,36,5
AD COLEGIO SAN PRUDENCIO,36,5
AF VIROIS 23/24,36,5
Amberieu Bugey XV,34,5
Acklam Rugby Club,31,5
AFC Chilton,28,5
Ain Sud,28,5
Ailes Sportives Bouguenais - Reze Rugby,27,5
Bama Rush,27,5
Diamonds,26,5
Alpha Utd Jnrs,25,5
0690211331,23,5
Abraham Soumare,23,5
Ambit10n Football Club,23,5
AHK,22,5
Allegiant FC,21,5
Aberystwyth RFC,18,5
AOFC,17,5
ail rousset,17,5
All Saints Boosters,17,5
Ad Ca la GuidÃ³,14,5
Ampo Ordizia,14,5
Abbey Villa SC,10,5
AKS Lytham,10,5
Aabybro IF,8,5
A.C.D. ALBA BORGO ROMA,8,5
ACADEMY ONE,4,5
ACD Pinzolo Valrendena,3,5
1. FC Passau,2,5
AC ARLES,2,5
Scor,2,5
Alyssa,2,5
Unnamed Club (-),0,5
1. FC Herzogenaurach e.V.,0,5
1.FC Kleve Jugendabteilung,0,5
1.Jugend-FuÃŸball-Schule KÃ¶ln e.V.,0,5
Aberdeen Lynx,0,5
Koul Sport,0,5
Adam Finney,0,5
AIK Flickakademi,0,5
Sheffield United Academy,2483,4
Right to Dream,433,4
AKS SMS ÅÃ“DÅ¹,368,4
Alaska Soccer,344,4
Alpha Forms,334,4
LAUFA,332,4
AD ALCORCÃ“N,323,4
HedmanVeo2,265,4
Aaron Rodriguez,252,4
Ahn Cam,248,4
1. FC Magdeburg Frauen VEO1,208,4
ALBION SC Central Cal,197,4
Amityville Soccer Club,187,4
LFA,183,4
Almaden FC,171,4
Picho,163,4
Allegra Events,155,4
Bisi Veo,151,4
AFRICA FOOT,143,4
Ahlafors IF,134,4
...,132,4
A.F.C. Humpolec,127,4
Coastal FC 2,118,4
All Teams,118,4
1. FC Å½amberk,116,4
Allan Hancock College Soccer,116,4
5v5 Soccer,111,4
Alsace Rugby,108,4
4 Cantons BHAP,107,4
AlingsÃ¥s IF,105,4
Ahmars Teams,102,4
Academy,97,4
1. FC Donzdorf Frauen/MÃ¤dchen,95,4
All sport,92,4
Academic Magnet High School,91,4
AFA,89,4
A&G ProSportGlobal,86,4
210 FC,84,4
Ada High School,84,4
Americas FC,84,4
ACS Hillingdon International School,82,4
AEG,82,4
2024/25 Phoenix Rising Season,80,4
AFC Stoneham Ladies,80,4
Albe FC,77,4
AFC Uckfield Town,74,4
K NTOYNTOYKHS M ANASTASIADIS OE,73,4
ASB,71,4
AFC Quick 1890,67,4
Alton HC,66,4
ç‰¹å®šéå–¶åˆ©æ´»å‹•æ³•äººã‚¨ã‚¹ãƒˆãƒ¬ãƒ¼ãƒ©ãƒ•ãƒƒãƒˆãƒœãƒ¼ãƒ«ã‚¯ãƒ©ãƒ–,65,4
Academy 2,65,4
Alzamora CF,65,4
Dawson,61,4
Alraed FC,59,4
AFC Bridgnorth Spartans,58,4
Albion Park City Football Club,58,4
ALLEMAAL,56,4
1. FC Kaiserslautern,51,4
AD MALAKA CF,49,4
Altrincham Grammar School For Boys,48,4
Abercarn Rugby Football Club,47,4
Aakanden GF,44,4
Albion SCLV,41,4
A Club,40,4
1. GÃ¶ppinger SV,36,4
Ballinrobe Town AFC,36,4
Morrone,35,4
Abington Youth Football,28,4
AFC Oakley,28,4
21916806128017,23,4
Accrington Wildcats,23,4
1. FC Bocholt,22,4
Air Force Football Association,22,4
Amherst Soccer,21,4
AIA-Tranbjerg,20,4
Almondsbury FC,19,4
Aghadrumsee GAC,17,4
Abbotsford Soccer Association (ASA),16,4
A.C. Sporting Cecina 1929,13,4
Advantage,13,4
A3 Soccer,12,4
Academy 1,12,4
Akron Armor,11,4
Amateur FA,11,4
AYSO595,11,4
APA Soccer,6,4
AlcalÃ¡ del RÃ­o CF,3,4
Alejadnro,3,4
.,2,4
Lobos,2,4
Mingos,2,4
Camden tigers FC,2,4
AHA,2,4
Acklam,2,4
Adam,2,4
Adamstown rosebuds,2,4
lachy,2,4
Hednesford town,2,4
agawambasketballassocation,2,4
Ace,2,4
Alex,2,4
Alexander,2,4
ASA - Alexandria 03B Red,2,4
Wardy,2,4
Alfold,2,4
Alfold,2,4
Ali,2,4
Mavver_2,2,4
Almaden FC 2013B Green,2,4
Altona magic,2,4
Referee Amar,2,4
ê¹€ ìŠ¹ìœ¤(ëª¨),0,4
3D Lacrosse,0,4
Sharks,0,4
aberdare rfc,0,4
ACATEC SPAIN,0,4
Adrian,0,4
southern soccer acadmey,0,4
Alc Longvic,0,4
Ball,0,4
Alphense Boys,0,4
Amr,0,4
Fleetwood Town,1822,3
ãƒ•ã‚¦ã‚¬ãƒ‰ãƒ¼ãƒ«ã™ã¿ã ,655,3
Aab af 1885,558,3
Alhilal Club Company,554,3
Team Chang,541,3
801 Basketball,428,3
Ajax United,382,3
SYC 2010 MLS-NEXT,344,3
ANSC,298,3
2013 Cedar Stars Bergen,277,3
A3,273,3
ALULA F.C,261,3
All Heart 2027,259,3
Ahmed,245,3
Alliance Football Club,232,3
Coach Alex,226,3
3:23,217,3
Ã…IFK,216,3
Alameda SC,197,3
AFC Leyton,194,3
AF St Christian-B,190,3
Ajax,189,3
All In 2027,185,3
LEON,180,3
AFC,173,3
Alabama FC,169,3
AFL,164,3
Ameres Soccer Club,163,3
Ablope,162,3
Ac cambrai,154,3
AIK,152,3
Football,150,3
FC06,141,3
AHFC,141,3
AC CARINA FC,138,3
805 FC,137,3
London Welsh RFC,130,3
AFC,120,3
Reynaga,117,3
Moaz FC,117,3
AC Cougar Soccer,109,3
Alliance/Odessey,109,3
ARQQOR,105,3
1. FC Frankfurt,104,3
2023,104,3
Albion SC Hawaii OA,103,3
Allscott Heath FC,103,3
ASD Falcons,103,3
1 - Columbia High School Soccer - Boys,100,3
Alviks IK,100,3
ACFF,99,3
FBC Reign,95,3
1. FC MÃ¶nchengladbach,92,3
Allen Gaels,92,3
Hernandez,89,3
Alcobendas Rugby,87,3
2012 Showcase,84,3
Albion SC,84,3
AIRFC,83,3
ACA Soccer,83,3
Albion Las Vegas Memorial Cup,82,3
Amato,82,3
ASV Natz,81,3
Alabama FC,80,3
Twins FC,79,3
AlingsÃ¥s KIK,79,3
Alan Moss,78,3
Alvesta GIF,78,3
Albyn School,76,3
ACcoaching,75,3
515 Soccer Academy,69,3
Aber Valley Wolves,68,3
Americans,64,3
Academia Futbol Total,60,3
1. FC Monheim,59,3
1. FC Schweinfurt,56,3
Altrincham hale fc,55,3
AVRUFC,53,3
AS ERMONT,53,3
7 Elite Academy.,52,3
AaBK,51,3
ADP Action Limited,50,3
AFC Stoneham U9,50,3
ALBION SC Hawaii,50,3
Academia CAI,49,3
ARFC,48,3
AC Rovers,47,3
Austin Maroons Boy's Lacrosse,46,3
2006 Girls Showcase,44,3
africheza,44,3
2008 Boys,43,3
AMSA,42,3
Ladies,42,3
MetroStars,40,3
1. FFC Kaiserslautern,39,3
406 Lacrosse,38,3
1. FC Rechberghausen,36,3
All-In FC Buford,35,3
ADAMS COUNTY CHRISTIAN SCHOOL 24/25,33,3
Afc,33,3
1. FC Schwalmstadt,32,3
1.FC Heinsberg-Lieck 24/25,31,3
23-24 Adams County Christian School,30,3
AFC,30,3
Alvor United,30,3
AS VERSON,30,3
AAC Rugby - VC2,29,3
Alabama Football Club 2013B,29,3
Albion SC Boulder - Parents,29,3
Alexandra Park Football Club,29,3
Across The Waves Football Club,27,3
Allen-Dallas,27,3
Amatorka MikoÅ‚ajki Pomorskie,27,3
Aghabog,26,3
ACS Rugby Cluj Junior,25,3
AJX FC,24,3
Ambassadors Football Club Peru,23,3
11 Analytiks,22,3
Aberdeen Grammar RFC,21,3
Callie,20,3
AL IHSAAN FC,19,3
Allloa Rugby Club,19,3
ADVNC NorCAL,18,3
Alresford Rugby Club.,18,3
8BY8 Football Ltd,17,3
Academia Formativa Golden,15,3
All Hallows Catholic College,14,3
Carmelo Dorta,13,3
AAC Rugby - VC3,12,3
1. SC BW Wulfen,11,3
AFC Gornal,11,3
AKADEMIA PIÅKARSKA MOTOR LUBLIN,11,3
AFC Aldermaston First Team,10,3
AFC Mustangs,8,3
A.C. TRENTO VEO 2,5,3
...,4,3
Abergavenny town,4,3
Altona Hockey Club,4,3
Referee,3,3
Stiv,3,3
1974 NFC,3,3
erer,3,3
3D Basketball,3,3
3D Empire,3,3
A3,3,3
aaa,3,3
Oilcats,3,3
Milan,3,3
Adelaide Titans FC,3,3
sdasd,3,3
Real madird,3,3
AFC Acorns DS,3,3
NY Surf G'05 Elite 64,3,3
AFC,3,3
Unnamed Club (__),2,3
Unnamed Club (-),2,3
Unnamed Club (-),2,3
Unnamed Club (-),2,3
Unnamed Club (-),2,3
--,2,3
?,2,3
?,2,3
.,2,3
.,2,3
.,2,3
Solano Surf,2,3
.,2,3
.,2,3
.,2,3
.,2,3
.,2,3
.,2,3
.,2,3
.,2,3
..,2,3
..,2,3
.........,2,3
Milton Adult Soccer Group,2,3
â€¦.,2,3
000,2,3
Mike,2,3
Clovis Crossfire,2,3
Dynamo,2,3
08977,2,3
Fc Stars,2,3
10coaching,2,3
12,2,3
123,2,3
123,2,3
123,2,3
123,2,3
1234,2,3
123,2,3
13-11-2022 Soccer Pro,2,3
132701,2,3
144,2,3
1874 Northwich,2,3
Newark FC,2,3
1974 Newark FC,2,3
RÃ¶mershag,2,3
Benfica Academy,2,3
Armour,2,3
Surf Bay Area,2,3
USA,2,3
Rsl,2,3
2012 NCFC Flyers,2,3
United White 2009,2,3
20Hforlafayette,2,3
2 korriku,2,3
oioi,2,3
2nd grade vs aggies,2,3
360 Talent,2,3
360,2,3
dalle,2,3
{{ 7*7 }},2,3
780 JLC,2,3
7 elite,2,3
7oda,2,3
912,2,3
a,2,3
a,2,3
a,2,3
a,2,3
A,2,3
A,2,3
jj,2,3
aa,2,3
ass,2,3
aaaaa,2,3
Aaaa,2,3
AAA,2,3
aaaaaaaaaaa,2,3
Aalbeke Sport,2,3
AaB,2,3
AGF,2,3
RH soccer club,2,3
AaronFC,2,3
Aaron,2,3
Aaron,2,3
Aars HK,2,3
AAYSA,2,3
AB7,2,3
Abbe,2,3
Corduff,2,3
Abbey Villa,2,3
Anv,2,3
abc,2,3
Club FuÃŸball,2,3
Ifk gÃ¶teborg,2,3
HÃ¤,2,3
Waasa,2,3
abdul,2,3
Alarabi,2,3
Adan,2,3
Abdullahi,2,3
Abdulrahman,2,3
Gabriel,2,3
Aberdare Town,2,3
Abergele rugby club,2,3
Abhi,2,3
wasatch,2,3
Martin,2,3
Abner,2,3
Abraham,2,3
Abraham,2,3
abrma37,2,3
Abuturab,2,3
Abz,2,3
Academia UbatÃ© fc,2,3
academy,2,3
Academy,2,3
Academy Sports Club,2,3
AC Brea,2,3
Padova,2,3
ac connecticut,2,3
Juniores Piedimulera,2,3
ACE,2,3
AC,2,3
AC Flora,2,3
Achilles,2,3
Ackermann,2,3
Ac Mercia,2,3
ACP,2,3
ACS Cobham,2,3
adz,2,3
Adam Rose Entertainment,2,3
Adam,2,3
Scottish 06B PDP,2,3
adam,2,3
Morty,2,3
Rudders,2,3
Adam,2,3
Rosebuds,2,3
Azarbe,2,3
Onikambo,2,3
Addi,2,3
addy,2,3
aaf,2,3
Adelaide Blue Eagles,2,3
Adelaide City,2,3
comets,2,3
Raiders,2,3
Hawks,2,3
Adelaide Sport Science,2,3
Adelaide Victory,2,3
Pickering,2,3
APB,2,3
Quattromen Sports FC,2,3
Adiel,2,3
Stevenson,2,3
Wolves,2,3
ACSC,2,3
Sotra G06,2,3
Adnan,2,3
Asphalt Green Soccer Club,2,3
Adriana,2,3
Adrian,2,3
adrian67666,2,3
Adrian570,2,3
Adrian,2,3
Archie,2,3
Adriel,2,3
Villa Rosa,2,3
aetos,2,3
AFC,2,3
AFC Aldermaston,2,3
astra,2,3
AFC Bexley,2,3
AFC Charvil,2,3
AFC creil,2,3
AFC Croydon Athletic,2,3
Croydon Town,2,3
darwen ladies,2,3
The OD's,2,3
AFC Fylde,2,3
Hayes,2,3
Holloway,2,3
AFC Liverpool,2,3
AFC Mackworth,2,3
Afc,2,3
AFC Mymms,2,3
Rushden and diamonds,2,3
Rushden & Diamonds,2,3
Sudbury,2,3
AFC SUSSEX,2,3
AFC Tattenhall,2,3
Urmston,2,3
Afc wembely,2,3
Finchely,2,3
Afl,2,3
aftab,2,3
Afturelding,2,3
AG FC,2,3
Soccerland,2,3
Agnar,2,3
Ãguia Clube Desportivo,2,3
Ggg,2,3
Ahmad,2,3
Ohio Galaxies FC club,2,3
ouda3,2,3
Kolobaly,2,3
Ahmed elsherif,2,3
Aj Elite Football,2,3
Aidan,2,3
Aidan,2,3
Donnelly,2,3
Aidan,2,3
Aidan,2,3
Galaxy,2,3
Auden,2,3
AIFC,2,3
Aik,2,3
Aileach,2,3
Aileach fc,2,3
Airbenders,2,3
Airtame,2,3
AISDS,2,3
Aisling Annacotty,2,3
FC COTE BLEU,2,3
Northeastern,2,3
ak,2,3
Ab,2,3
AB,2,3
AGF,2,3
Akhi Nazareth,2,3
Ak,2,3
Alabama FC,2,3
Alamance Christian School,2,3
Alameda HIgh School,2,3
AHS VAR women,2,3
Alan,2,3
Alar FC,2,3
Al,2,3
Alba eagles,2,3
dynamo,2,3
Albany creek,2,3
Albany creek,2,3
Ace,2,3
Signs,2,3
AB TÃ¥rnby,2,3
Vejle boldklub,2,3
Hui,2,3
Albie,2,3
Albi Marssac TFA,2,3
Albion,2,3
albion,2,3
Albion,2,3
Albion 08 SW USCTX RL,2,3
Albion Hurricanes,2,3
AHFC,2,3
AHFC,2,3
Albion,2,3
Shuang,2,3
Albion,2,3
Albion rovers fc,2,3
Albion,2,3
Albion SC,2,3
Albion SC,2,3
Patchy,2,3
Albion,2,3
Albion SC,2,3
Albion SC Hawaii G07 Academy,2,3
Aldersgate SC,2,3
Shots Trust,2,3
aldo,2,3
alec,2,3
Alec,2,3
wash,2,3
Milan de miami,2,3
Alejandro,2,3
Alek,2,3
Istra 1961,2,3
osu,2,3
Sandro,2,3
Alestone park,2,3
Al ethihad u12,2,3
alex,2,3
Aled,2,3
South County,2,3
Alex,2,3
Alex Frye,2,3
Alexander Test Club,2,3
Alex,2,3
Alex,2,3
APYFC,2,3
Alex,2,3
Alexandria,2,3
ALEXANDRIA,2,3
Alexandria Soccer,2,3
ASA,2,3
Alexandria soccer association,2,3
alexandria white,2,3
Alex,2,3
Alex,2,3
Alex fc,2,3
Sport,2,3
Alexis Murray,2,3
AlexisSoccer_16,2,3
Alex Martinez,2,3
Alex,2,3
Sunderland fol,2,3
Alfarim,2,3
Mk dons,2,3
Alfie,2,3
alfie,2,3
Alfold fc,2,3
alfie,2,3
Alfredo,2,3
Sultan,2,3
Ali,2,3
Jan,2,3
bvb,2,3
ali,2,3
Alisson,2,3
aljezera,2,3
Crossfire Premier,2,3
Allatoona,2,3
Allatoona Boys jv,2,3
Allen Rose,2,3
Allentown high school boys soccer,2,3
Allexton & new parks,2,3
All in,2,3
All-in Fc,2,3
All In Football Club,2,3
All-In FC,2,3
ALL-IN FC 05,2,3
All In FC,2,3
aik,2,3
AIK,2,3
dave,2,3
ALLORD,2,3
Alloysius FC,2,3
All Skills,2,3
AS,2,3
Welyn,2,3
Allstars United SC,2,3
Byrant,2,3
Almaden,2,3
Almaden fc,2,3
markhiya,2,3
alnaser club,2,3
Alphabet,2,3
Alphafivemusic,2,3
Alpine Strikers,2,3
Alsen,2,3
HASSAN,2,3
altahade,2,3
Knights,2,3
Altona city,2,3
Altona city,2,3
Altona East,2,3
Met police SCL,2,3
Pro direct,2,3
Pro direct surrey SCL,2,3
Alvaro,2,3
Al Wakrah sport club,2,3
Mofty,2,3
Amadou,2,3
Adelaide United,2,3
Amaury,2,3
amber,2,3
FC Dallas U19 ECNL,2,3
Consol,2,3
Mt Durit Rangers,2,3
AIC,2,3
ARC,2,3
AYSO,2,3
Parker,2,3
Amesbury Town,2,3
AST,2,3
Amigos FC,2,3
Dominick,2,3
Amir,2,3
AmiWhu,2,3
AFC,2,3
AFC,2,3
Ampleforth,2,3
Ampthill,2,3
AMSG,2,3
Afc,2,3
AFC,2,3
District Dynamo,0,3
.,0,3
.,0,3
...,0,3
Revs Academy & Scorpions,0,3
FC Dallas ETX,0,3
Celtics,0,3
Hotspurs,0,3
ELA,0,3
1974 NFC,0,3
Penn FC 2006M Black,0,3
CT Rush Select,0,3
2 R Ang,0,3
7SEPT,0,3
Hey,0,3
AAM,0,3
abadiÃ±o,0,3
Abc,0,3
AB TÃ¥rnby,0,3
AC Brea,0,3
york city,0,3
Salisbury united,0,3
ADELAIDE VICTORY,0,3
Victory,0,3
Sotra G06,0,3
Adnan,0,3
Nationals,0,3
APD,0,3
Creil,0,3
AFC Dunstable,0,3
AFC,0,3
Afi JesÃºs clemant,0,3
A.B.A,0,3
AOC,0,3
Deerpark fc alliance,0,3
AIT GROUP,0,3
Ajax 07B Dortmund,0,3
Ajax KÃ¸benhavn Sportsgymnasium,0,3
AJ Soccer,0,3
Akron North !,0,3
Alan,0,3
Alleycats,0,3
Albion SC,0,3
Aldershot Town Youth,0,3
Mcb,0,3
Alex,0,3
ASA,0,3
ASA,0,3
Alex,0,3
ALEX,0,3
Alex,0,3
ali,0,3
Alianza F.c,0,3
AlingsÃ¥s if,0,3
As Laval,0,3
Karako,0,3
Davey,0,3
AFL,0,3
Ambassadors,0,3
Afc,0,3
Tottenham Hotspur Football & Athletic CO. LTD,682,2
AC Sparta,678,2
Alicante Football Academy,491,2
Rise,482,2
Aarhus Fremad,396,2
Malahide United,372,2
305 FC,358,2
ALBION SC Merced,351,2
2014 and 2015 TFA,341,2
ãƒ†ã‚¹ãƒˆ,326,2
AMORA FC SAD,307,2
ALBION SC Riverside,299,2
SKFS,294,2
ABSA PR1,267,2
FÃ¶rdervereins des 1.FC Magdeburg e. V.,261,2
AmaikaK Bat,260,2
AbelTech Photography,233,2
Abidjan City FC 2,228,2
ALBION SC CO GA,219,2
Albion (KM),218,2
ADPT FC,216,2
ALBION SC Brooklyn,214,2
1Â°Dezembro Futebol SAD,213,2
AllerÃ¸d FK,195,2
AFC Whyteleafe,191,2
1. FK PÅ™Ã­bram,189,2
All Sport Ultras,184,2
08 / 11 Teams,183,2
AFC Portchester,180,2
Albion,178,2
1.FC SlovÃ¡cko Å¾eny,172,2
3V SPORTS,169,2
Aaryav's Team,164,2
Albion,164,2
91 Carolina,161,2
Abingdon United,155,2
AC Brea,155,2
Basketball,155,2
AHFC,154,2
2010 Germantown Legends ECNL,151,2
Oak Mountain Football & AFC 12B Pre ECNL South,150,2
Adam Maidany,144,2
Ali Sabah,144,2
Epernon,141,2
Allstars United SC,136,2
Aldershot Town Football Club,135,2
Alpharetta,135,2
Adams Family,123,2
Alicia Russo,123,2
AbraySports,121,2
AFU 06/07,119,2
ARFC,119,2
PERTH REDSTAR WOMEN BLACK,117,2
026 FC,116,2
AFUMG2023,116,2
St Lukeâ€™s,114,2
Adelaide Jaguars,111,2
"(4G) O Elvas CAD, Futebol SAD",109,2
Amora Futebol Clube - Futebol SAD,106,2
AC Seyssinet,105,2
ACVF,103,2
"Albion Soccer Club Hawaii, Oahu",98,2
Albertslund IF,97,2
07 Lady Eagles,84,2
Althoff Soccer,83,2
2011DPL Girls,81,2
AFC Walcountians,81,2
Adelaide,80,2
..,79,2
alarabi club,78,2
Adventure Sports Academy,76,2
AYSO United Channel Islands,76,2
AMG CAM,75,2
Highlanders,74,2
AFC Totton,72,2
1. FC MÃ¶nchengladbach,70,2
Ammanford AFC,70,2
African Sport Training Academy,69,2
ALBION,67,2
Amarillo,66,2
LIMITLESS SPORTS QATAR,65,2
1st Club House,64,2
Alliance FC,62,2
Alonso Ravens,62,2
7th Grade Shadle Park Highlanders,61,2
AFC 2015b South,61,2
Aarhus Rugby Klub,60,2
Albertson Soccer Club,59,2
Alianza,59,2
Abbey RFC,58,2
Abraham,57,2
Ligue RÃ©gionale Bourgogne Franche-ComtÃ© de Rugby,55,2
ACR,54,2
ALBION SC Los Anegels,53,2
Aber,52,2
Lady Cardinal Soccer,52,2
Ampleforth College Sport,52,2
Aber Valley FC,51,2
Albury Thunder Juniors,51,2
Adelaide Eagles Soccer Club,50,2
AFE,50,2
AIESA,50,2
1.American Football Department,49,2
Aberdeenshire Rugby Football Club,49,2
2022,48,2
Acadiana,48,2
AGB,48,2
1. FFC Hof,47,2
Albany Knickerbocker Rugby Club,47,2
Allenwood,46,2
Alvdal IL,46,2
Adelaide University Soccer Club,44,2
AIFZN,44,2
Alty,44,2
Alexandra Rugby Football Club,43,2
AHFC 05 ECRL 2U,42,2
ã‚­ãƒ³ã‚°ã‚¹ãƒ¦ãƒ¼ã‚¹,41,2
Actonians LFC - Seniors,41,2
Adelaide Omonia Cobras FC Juniors,40,2
4 CUATRO DOIS,39,2
AmpFutbol Polska,39,2
Abbeyfeale RFC,38,2
AC Marin,38,2
Alameda SC,38,2
AL-ITTIFAQ FC,38,2
A-Aron Veo,35,2
21867825319953,33,2
2besecured facility Management GmbH,33,2
Academy of Notre Dame,33,2
AJ ACADEMIES,33,2
Amsterdam Gencler Birligi,32,2
2013B FC Dallas Medina,31,2
210FC,31,2
14U - A - PCIM,30,2
Bobcats,30,2
Adelaide Comets,29,2
Albion SC Silicon Valley (East Bay),29,2
AHS Girls Soccer,27,2
Abington Soccer Club,26,2
ALBERTA SCHILDE VZW,26,2
1. VEO Granit,24,2
Aannemingsbedrijf Van der Meer B.V.,24,2
Abertysswg falcons,24,2
FV 1210 Wien,23,2
4 State Hockey Club,23,2
Adelaide Brasfoot Club,22,2
HeartsofOak,21,2
AGF Womens Football,21,2
Ahrensburger TSV,21,2
AFC Brooklands,19,2
4Cantera,18,2
ACCADEMIA SPORTIMAGNA,18,2
Albany Soccer Club,18,2
Albion,18,2
ALCS,18,2
Achterbroek Voetbalvereniging Vzw,17,2
AUFCW,16,2
Ã…byhÃ¸j Basketball,15,2
AC AMBOISE,15,2
Algonquin HS Lacrosse,15,2
Ambassadors Football,14,2
Alberta Soccer Association,12,2
AC Athletico,10,2
Admiral Ice Dome,10,2
+972 50-643-0407,8,2
AL2 Sport,8,2
956 United,7,2
21901670202897,6,2
2006 Boys Soccer,5,2
ACS Astra Kids Bucuresti,5,2
Albion Coaching,5,2
AJAX PREMIER,4,2
Alvechurch Football Club,4,2
Pincrest,2,2
A Game Basketball,2,2
Alto Academy,2,2
ì²­ë£¡ìœ ë‚˜ì´í‹°ë“œ,0,2
Century,0,2
06 Fire White,0,2
1 Ã¨re Ã©quipe HUSA,0,2
Exhibition Games,0,2
3d Lacrosse,0,2
806 UNITED,0,2
Aalborg Avengers elojfapofjap ej rapÃ¦e apoej fpae,0,2
Aarup Boldklub,0,2
ABIDJAN CITY FC,0,2
ACADEMIA RAYO VALLECANO FEMENINO,0,2
academy volleyball cleveland,0,2
Fiorentina,0,2
ACS PE URMELE CAMPIONILOR,0,2
Adrian College Soccer,0,2
AD San Juan,0,2
AgerbÃ¦k SF,0,2
AIK P2006 S2,0,2
Airdrie u16s,0,2
Akademie Kapfenberg,0,2
Albe F.C.,0,2
Alberta Pro Hockey,0,2
ALBION HURRICANES,0,2
Albion,0,2
Aldershot Town,0,2
Alegria FK,0,2
Alex,0,2
alex,0,2
Sussex girls RTC,0,2
Algoma University - Women's Soccer,0,2
ALHS,0,2
Allentown United,0,2
AMAIKAK BAT,0,2
American Canyon High School,0,2
American School of Paris,0,2
Gomar,1227,0
ãˆ±ã‚¨ãƒ•ã‚¹ãƒªãƒ¼,1164,0
ã‚µãƒ«ãƒ‘,525,0
009_SFãƒ¬ãƒ³ã‚¿ãƒ«_Kokushikan High School Soccer Club,411,0
AICJé«˜ç­‰å­¦æ ¡,382,0
ã‚¹ãƒãƒ¼ãƒ„ã‚¯ãƒ©ãƒ–ã‚¨ã‚¹ãƒˆãƒ¬ãƒ©,308,0
AC CREMA 1908,308,0
008_SFãƒ¬ãƒ³ã‚¿ãƒ«_é‡è¾ºåœ°è¥¿ã‚µãƒƒã‚«ãƒ¼éƒ¨,255,0
Amiro,223,0
Adidas Oklahoma Fall Showcase 21,213,0
A.A.F.C,190,0
2022 NorCal Spring College Showcase,183,0
Addox Howard,161,0
ãƒã‚¸ãƒ£ã‚¹ãƒ•ãƒƒãƒˆãƒœãƒ¼ãƒ«ã‚¢ã‚«ãƒ‡ãƒŸãƒ¼,147,0
ãƒªã‚¬ãƒ¼ãƒ«,131,0
Across,131,0
Lightning,130,0
2021 GBA National Hoop Series IV,118,0
ãƒ­ãƒƒã‚½ã‚µãƒƒã‚«ãƒ¼ã‚¯ãƒ©ãƒ–,117,0
ã‚µãƒ³ãƒ•ãƒ¬ãƒƒãƒã‚§ãã«ã³ããƒ•ãƒƒãƒˆãƒœãƒ¼ãƒ«ã‚¯ãƒ©ãƒ–,117,0
ãƒ‰ãƒ«ãƒ•ã‚£ãƒ³ãƒ•ãƒƒãƒˆãƒœãƒ¼ãƒ«ã‚¯ãƒ©ãƒ–,116,0
COACH AC SOCCER,114,0
Advanced Painting,112,0
Akil Baker,105,0
Alpine Pinecrest,104,0
AC Palermo LA,102,0
Aldwinians RUFC,101,0
AC DELRAY RUSH 2010 Boys,94,0
Albion East,90,0
Lady Braves,84,0
Albion Memorial Day Cup,84,0
FC Erlensee,81,0
1. FC Gievenbeck 1949 e.V.,80,0
ãƒ¦ãƒ¼ãƒ­Jã‚¹ãƒãƒ¼ãƒ„ã‚¢ã‚«ãƒ‡ãƒŸãƒ¼,78,0
Alvechurch Football Club U11's,78,0
2011B,77,0
AAC academy 2,77,0
Alkharaitiyat sport club,76,0
Altona Magic,73,0
Ahmet Atak,72,0
JFC,71,0
AFC,70,0
2Touch,68,0
Afan Lido FC,68,0
AFDA Leicester,60,0
Al Azhar Football Club,60,0
afc willenhall cubs,56,0
1974 Newark FC,53,0
Asap,53,0
â€˜09 FUSION PAG,52,0
2011 CVPG,52,0
Aghyaran,52,0
ASCA Rugby,51,0
Airdrie FC,50,0
Aldershot & Farnborough District Schools FA,47,0
Accrington Stanley Community Trust,46,0
Allexton New parks magpies,46,0
2021 WYS Founders Cup,45,0
Aaaaa,44,0
2009 Stars White,42,0
Allerton FC,42,0
Ameris Ltd,41,0
2013 Cape Coral Cyclones U11 Girls Black,40,0
Africa Football Ã‰lite Abidjan,40,0
Blues,39,0
Aberdeen West End,39,0
Academia Politehnica Iasi,39,0
Aberdare RFC,38,0
Academie Internationale de football Michel Hidalgo,38,0
AC football Club,38,0
2 licencias,37,0
academy 94,37,0
East,37,0
Abu Dhabi Harlequins,36,0
NFC,35,0
2021 NorCal College Showcase,35,0
Afc sport academy,35,0
Al Jazira Club Football Academy Veo 3 team packag,35,0
5v5 Sydney,33,0
AASS FOOTBALL,32,0
.,31,0
FFCK,31,0
3a RFEF,31,0
AC Potenza,31,0
2014 MSA,30,0
Ali Analytics FC,30,0
2021 Jaguars Boys Winter Showcase,29,0
AC Amager,29,0
Acland Burghley School,29,0
4_SFI,28,0
Afp18,28,0
AGFW FC,27,0
8800 Cherry Blossom RD,26,0
Alpha,26,0
Alta IF,26,0
ãƒãƒ¼ãƒ«ãƒã‚·ãƒ†ã‚£,25,0
ã‚ªãƒªã‚¨ãƒ³ãƒˆãƒ•ãƒƒãƒˆãƒœãƒ¼ãƒ«ã‚¯ãƒ©ãƒ–,25,0
5280 Athletic SC,25,0
Vs B-Elite,25,0
AFC Lewisham u10,25,0
Alabama Footbal Club/United Soccer Club Huntsville,25,0
Ali Alawie,25,0
al jazira,25,0
Allens Veo,25,0
Allianz Generalvertretung,25,0
Millie's football,25,0
AYSO,25,0
4CORNERSPORT,24,0
Aas Fresnes,23,0
ASA,23,0
AJAuxerre,23,0
PRIVATE,22,0
6_SFI,21,0
AGF,21,0
AC Horsens,21,0
ACS Kinder,21,0
Alliance Soccer Cub,21,0
A,20,0
AFU,20,0
77,19,0
Alliancen if,19,0
aas fresnes rugby,18,0
Academia germana,18,0
Agf,18,0
Afc Chelmsley,18,0
+1 720-285-9953,17,0
AFPD,17,0
AL FC 05/06 Girls ECRL,17,0
Cedars sport academy,17,0
ALL-IN ATHLETIC TRAINING INC,17,0
ãƒˆãƒ©ã‚¤ãƒ«ã‚µãƒƒã‚«ãƒ¼ã‚¯ãƒ©ãƒ–,16,0
16's Ella Wilson,16,0
1. FC Kleve,16,0
2007 Girls Force White,16,0
8704240194,16,0
Aim 4 Hope CIC,16,0
AHFC,16,0
08G DPL,15,0
247 Football Club Soar,15,0
a,15,0
aa,15,0
Aberdare Town,15,0
Kfum,15,0
16â€™s Mya Forgie,14,0
16's Rhiannon Mallaburn,14,0
24seven sport,14,0
5_SFI,14,0
Afan nedd county,14,0
Altona city,14,0
.,13,0
2012 Boys - San Diego,13,0
Addie Soccer,13,0
AFC Lightning,13,0
Altona City,13,0
Maddi,13,0
Altona City,13,0
16â€™s Emily Bloomer,12,0
Abdi,12,0
ABECAT OUVIDORENSE,12,0
PEREIRA,12,0
Sparta,12,0
AEK LARNAKA,12,0
Aggies FC,12,0
AIM Michal Bazala,12,0
Alexandra Armadillos,12,0
Altona,12,0
09,11,0
16B Academy 1,11,0
16â€™s Katy Watson,11,0
16s poppy pritchard,11,0
1.FC Leibnitz,11,0
2014G TSJFCV-JCK,11,0
+34 607 38 33 51,11,0
PÃ´le Espoirs Rugby Lyon,11,0
Ahmed,11,0
Alexandra Knights FC,11,0
ASC 06B,11,0
altona city,11,0
Altona City,11,0
16â€™s Mya Forgie,10,0
204653106,10,0
AB,10,0
ACADEMIE UNIVERS,10,0
Accel,10,0
AFCB,10,0
AFC Ewell,10,0
Almere City,10,0
Unnamed Club (-),9,0
......,9,0
14:ae:85:92:03:86,9,0
KÃ¶nigstein,9,0
Messina,9,0
aib,9,0
albatros,9,0
Albion Rovers,9,0
KIK,9,0
Alliance United,9,0
Altona City SC,9,0
AMSG FC,9,0
1.FC-TSG KÃ¶nigstein,8,0
1. FC Union Berlin,8,0
2010 West Florida Flames,8,0
402 DA,8,0
956 UNITED U12G,8,0
KFUM,8,0
Abed Gaouaou,8,0
Accademia Borgomanero,8,0
Ã†gir,8,0
PDA southampton,8,0
Helsingborgs ig,8,0
Albion,8,0
LJSA Chelsea,8,0
Afturelding,8,0
New Parks,8,0
AHC,8,0
Altona city,8,0
FC Wisconsin,8,0
Perth Sc,8,0
Unnamed Club (-),7,0
ã‚¤ãƒ¼ã‚¹ãƒˆãƒ¼ãƒ«,7,0
ã‚¸ãƒ¥ã‚¨ãƒ•ãƒƒãƒˆãƒœãƒ¼ãƒ«ã‚¯ãƒ©ãƒ–,7,0
07 DKSC,7,0
16â€™s Keira Skelton,7,0
1. FSV Mainz 05,7,0
KÃ¶nigstein,7,0
5th White,7,0
AaB,7,0
AGF,7,0
AC Horsens U14,7,0
Aia,7,0
AJ Auxerre,7,0
AB,7,0
Ã…FD,7,0
Albion,7,0
Albion SC Hawaii,7,0
Aldershot Town,7,0
Alejandro,7,0
al.rus,7,0
ASA,7,0
NÃ¦sby U17,7,0
Allez lâ€™OM,7,0
Almere City FC,7,0
Alterna,7,0
Altona city,7,0
Altona City,7,0
Aalborg FDK,6,0
Unnamed Club (-),6,0
.,6,0
FCN,6,0
SlovÃ¡cko,6,0
1.FC Wilmersdorf,6,0
Future 500,6,0
621106-1053,6,0
A27,6,0
A2C Footsider,6,0
AaB,6,0
AFDK,6,0
Ã…byggeby FK,6,0
AC Amager,6,0
AC AMAGER ACADEMY,6,0
ACBB,6,0
A.C.D. Briga Novarese 1970,6,0
AC Horsens,6,0
AC MAZZO 80,6,0
ADM Tigers,6,0
ADO Den Haag,6,0
Adrian Mitroi,6,0
AFCB,6,0
AFC Rushden & Diamonds,6,0
AGBU,6,0
AGF/Viby/Stavtrup,6,0
River plate,6,0
Ã…IFK Edustus,6,0
AIK,6,0
AIK dam,6,0
Alexandra RFC,6,0
Affe,6,0
Ali,6,0
All Sports 4 Kids,6,0
a,6,0
Ã„lvsjÃ¶,6,0
Amical,6,0
asc,6,0
...,5,0
*,5,0
08G Fire Red,5,0
AHFC 09G ECNL,5,0
1,5,0
16s Leanna Giles,5,0
FCP,5,0
1. FC Magdeburg,5,0
1.FCN,5,0
Union Berlin,5,0
1. FSV Mainz 05 e.V.,5,0
Lakeshore club,5,0
247 Football Club,5,0
5ta Albion,5,0
A27,5,0
A3 Storm,5,0
AaB,5,0
AaB,5,0
AFDK,5,0
Team Travers,5,0
AX Basketball,5,0
ACAA,5,0
Acbb,5,0
Acbb,5,0
Adam,5,0
Ad bras,5,0
AFC Stoneham,5,0
AGF,5,0
AHTTHTIS,5,0
AIK,5,0
AIK FF,5,0
A.J.AUXERRE,5,0
AB,5,0
AB,5,0
Galid,5,0
AKSA,5,0
AFC,5,0
Alabama FC,5,0
Alemannia Aachen,5,0
Frome Town,5,0
Sjuntorp,5,0
Alexander George Lafkas,5,0
Tevredengroup,5,0
Ali Benmansour,5,0
Ali Shaker,5,0
Hampstead & Westminster HC,5,0
Al Jazira Junior Academy,5,0
Allen Gaels,5,0
AC Horsens,5,0
Alliance Girls Soccer,5,0
A.I.K,5,0
Allstar Soccer Leagues,5,0
Altona City Soccer Club,5,0
Amager Pigefodbold,5,0
USSF,5,0
Unnamed Club (-),4,0
/////,4,0
.,4,0
.,4,0
...,4,0
1165226,4,0
12345,4,0
16'sGeorginaSpraggon,4,0
16â€™s Lucy McConnell,4,0
1. FC Frankfurt Oder,4,0
1. FC Kleve,4,0
1. FC KÃ¶ln,4,0
1.FCM,4,0
1. FC nÃ¼rnberg U10,4,0
SlovÃ¡cko,4,0
1. FC Union Berlin,4,0
1. FC Union Berlin,4,0
1. FFC Ingelheim,4,0
05,4,0
2008 NTX ODP,4,0
Michigan Jags,4,0
2013 Crew I,4,0
2021 TASCO All-Star Game,4,0
2023 Games,4,0
240 Sport,4,0
531,4,0
a,4,0
aaa,4,0
Aafk,4,0
Aarhus Fremad U23,4,0
Green Gully SC,4,0
Abbey Rangers,4,0
ABC BranÃ­k,4,0
Abc foot,4,0
Aberdare Town Football Club,4,0
Ab,4,0
E,4,0
Abidjan Football League,4,0
ABV,4,0
AAIF,4,0
academia germana,4,0
Academia germana de fotbal,4,0
A.G.F,4,0
Academia West Ham United,4,0
Academy Soccer,4,0
AC Amager,4,0
accademia isola bg,4,0
Accrington Stanley,4,0
ACFF,4,0
ACFF,4,0
AC Oulu,4,0
AC Seyssinet,4,0
AC Sparta Praha,4,0
AC Sparta Praha,4,0
ACç­‰ã€…åŠ›,4,0
Adam,4,0
Olympic kingsway,4,0
aderab,4,0
Admiral Bball,4,0
referee,4,0
Crusaders Colts,4,0
North Ryde Soccer Club,4,0
aek,4,0
Aemme Buuzzards,4,0
Harriers,4,0
AFC Wimbledon,4,0
Afturelding,4,0
Afturelding,4,0
Aghamore,4,0
AGOVV,4,0
AHFC royals,4,0
AIK,4,0
Airborne,4,0
Airbus,4,0
Ajax,4,0
AKA,4,0
Ã…kra,4,0
AKS SMS ÅÃ“DÅ¹,4,0
Alabama FC,4,0
A-lag P19,4,0
Albany High,4,0
Albatross,4,0
Albion 07 ECRL,4,0
Albion East 13G,4,0
ahfc,4,0
Albion SC Las Vegas,4,0
Albion SC,4,0
Albion,4,0
Albirex,4,0
Alexandra Girouard,4,0
Alexandria Soccer Association,4,0
Referee,4,0
Alfonzo,4,0
AllerÃ¸d,4,0
Alliance Fire,4,0
Alli shemper,4,0
Alsozsolca,4,0
Altitude,4,0
Altona City,4,0
Altona 93,4,0
Altrincham grammar school for boys,4,0
Ã„lvsjÃ¶,4,0
Ã„lvsjÃ¶ U17,4,0
Ambassadors,4,0
Amiens SC,4,0
dalkurd ff,4,0
Unnamed Club (-),3,0
Unnamed Club (-),3,0
.,3,0
.,3,0
.,3,0
.,3,0
..,3,0
ìˆœë³µìŒì´ì‹ ëŒ€,3,0
03/04 Will Showcase,3,0
Washington Timbers FC,3,0
05 MT Surf,3,0
Washington Timbers FC,3,0
08G Vs. Foothills,3,0
10 coaching,3,0
10G,3,0
1860 MÃ¼nchen,3,0
1.CfR Pforzheim,3,0
1. FC 1906 Erlensee U16,3,0
1. FC Heidenheim 1846,3,0
FCK,3,0
FCK,3,0
1. FC Magdeburg,3,0
FCM,3,0
1. FC Magdeburg U12,3,0
FC Naurod,3,0
1. FC SaarbrÃ¼cken,3,0
FCW,3,0
Deutsche Fussball Akademie,3,0
2022 Internationals SC u17 GLA,3,0
21075,3,0
21925744986257,3,0
Valur,3,0
2GPR (Civil Engineering) Ltd,3,0
123,3,0
47 AVENUE DU PONT DE BOIS,3,0
4AllPlayers,3,0
7 Elite Academy 06G North,3,0
Partido 7 villas,3,0
8704240194,3,0
SÃ¸ndersÃ¸ IF,3,0
A,3,0
A,3,0
AaB,3,0
Aabybro IF,3,0
AaFK,3,0
aaf,3,0
AaB,3,0
AaB,3,0
AALDK,3,0
AGF,3,0
AB,3,0
Karlslund IF FK,3,0
Abbey Park OT,3,0
Abbey Rangers,3,0
GÃ¦st,3,0
prÃ©sident,3,0
Abdel,3,0
Som united,3,0
Aberavon Quins,3,0
Aberdeen,3,0
Aberdeen West End Girls,3,0
ABFC ANDREZIEUX-BOUTHEON,3,0
Abhi Veo,3,0
Abigail,3,0
Abington youth football,3,0
AC,3,0
Academie GFI,3,0
L'AcadÃ©mie des Alpes,3,0
Ac Amager,3,0
AC Bobigny,3,0
Accrington Stanley,3,0
Accrington Stanley Community Trust,3,0
ACTAS,3,0
Acton,3,0
ACVF,3,0
ACY,3,0
Seapoint,3,0
Adam,3,0
Adam,3,0
West Park Leeds,3,0
Emmanuel,3,0
Adel,3,0
AUSC,3,0
Adelaide Victory,3,0
Junior Santos,3,0
Aden,3,0
Admir,3,0
ADO Den Haag,3,0
A Dudeck,3,0
A,3,0
AE EVOSMOU,3,0
Aek,3,0
AFC Bournemouth,3,0
AFC CompiÃ¨gne,3,0
AFC,3,0
AFC Lightning,3,0
AFC Lightning,3,0
Lytham,3,0
AFC St Austell Ladies,3,0
AFC Stoneham UTD U18,3,0
Afc Union,3,0
AFC Varndean,3,0
AFC Varndeanians,3,0
Ã„FF,3,0
Africa United,3,0
Afturelding,3,0
afturelding mfl kvk,3,0
Domare,3,0
AGF,3,0
AGF,3,0
ADCV,3,0
Aguilas,3,0
AHG Fokkerstraat 22A,3,0
AIA,3,0
AIA CPA Trento,3,0
Aidan,3,0
AIK,3,0
AIK ungdomsfotboll,3,0
AIK P15,3,0
AIK,3,0
Ain Sud,3,0
Airbus UK,3,0
Aix FC,3,0
Ajax,3,0
Ajax United,3,0
KGHM ZagÅ‚Ä™bie Lubin,3,0
Akademisk Boldklub,3,0
Ab,3,0
AB,3,0
AB,3,0
AB,3,0
perth soccer club u14npl,3,0
Alabama FC,3,0
Alan Bennett,3,0
Albany Creek SHS,3,0
Albin,3,0
Albion,3,0
AHFC 06 ECNL,3,0
Albion,3,0
Albion,3,0
Albion National Team,3,0
Albion National Team- Red 2012,3,0
Albion SC Delaware,3,0
Albion SC Hawaii 2006B,3,0
Albion,3,0
Albuquerque United FC Thorns,3,0
Aldershot,3,0
Tiki,3,0
Alejandro,3,0
NTH Tophat,3,0
Referee,3,0
Alex,3,0
AMD,3,0
Florida Rush,3,0
Usv Fuschl,3,0
Alexandria â€˜66,3,0
ASA 2014 G u9,3,0
Alex,3,0
Alex Oprea,3,0
Alex,3,0
Wagentristl,3,0
Ã…lgÃ¥rd FK,3,0
Ali,3,0
AlingsÃ¥s IF,3,0
AlingsÃ¥s KIK,3,0
Ali,3,0
CFC,3,0
Allach,3,0
Nibe Bk,3,0
ASV GEEL,3,0
Allen Mao,3,0
AllerÃ¸d FL,3,0
AFK,3,0
Alliance,3,0
Alliance Fc,3,0
AS laval,3,0
AS Laval,3,0
Alianza,3,0
Allina,3,0
AIK,3,0
Tom,3,0
Allstars,3,0
Almaden Valley FC,3,0
Almere City FC,3,0
Almere City FC,3,0
Alphense Boys (2e account),3,0
Alresford Town Lions,3,0
Ã„lta,3,0
Ã„lta Damjuniorer,3,0
Altitude rush,3,0
Altona City,3,0
Altona City,3,0
Altona Hockey Club,3,0
Magic,3,0
Fighting Irish,3,0
Alton FC,3,0
Alu,3,0
Aluvion,3,0
Alvaro,3,0
Alvdal,3,0
Alvechurch,3,0
Ã„lvsborg FF,3,0
Ã„lvsjÃ¶ AIK,3,0
Ã„lvsjÃ¶,3,0
Always Forward,3,0
A27,3,0
Amanda,3,0
Rush,3,0
Amazon Grimstad,3,0
Amazon Grimstad FK,3,0
AFC,3,0
Amber Valley Ladies,3,0
Langton green,3,0
U14â€™s,3,0
American University,3,0
AMH,3,0
Amical Basket Club de la GoÃ«le,3,0
AFC,3,0
Unnamed Club (>),2,0
Unnamed Club (-),2,0
Unnamed Club (-),2,0
Lymm Rovers,2,0
Unnamed Club (-),2,0
Unnamed Club (-),2,0
Unnamed Club (-),2,0
Unnamed Club (-),2,0
Unnamed Club (-),2,0
Unnamed Club (-),2,0
Unnamed Club (-),2,0
Unnamed Club (-),2,0
Unnamed Club (-),2,0
Unnamed Club (-),2,0
Unnamed Club (-),2,0
Unnamed Club (-),2,0
Unnamed Club (-),2,0
--,2,0
.,2,0
///,2,0
.,2,0
.,2,0
.,2,0
.,2,0
.,2,0
.,2,0
.,2,0
.,2,0
.,2,0
.,2,0
.,2,0
.,2,0
..,2,0
..,2,0
...,2,0
...,2,0
..,2,0
â€¦,2,0
â€¦.,2,0
ãªã—,2,0
ì¥í˜„ì£¼,2,0
ë¶€ì‚°ì•„ì´íŒŒí¬,2,0
001977,2,0
01. FACR TV,2,0
04/05 CR Rapids Select,2,0
0419 RTG,2,0
Lobos,2,0
06 Blue,2,0
06,2,0
Washington Timbers FC,2,0
Washington Timbers FC,2,0
08 NPL,2,0
Washington Timbers FC,2,0
1,2,0
11210UB,2,0
11s,2,0
16.11.1971,2,0
18 montÃ©e de collonge,2,0
FC Erlensee,2,0
1. Fc Frankfurt,2,0
1.FC Frankfurt,2,0
FC Heidenheim,2,0
FC KÃ¶ln,2,0
1. FC Magdeburg,2,0
1. FC Monheim,2,0
FCS,2,0
1.FC SlovÃ¡cko,2,0
1.FC KÃ¶nigstein,2,0
1.FC Union Berlin,2,0
FC Viersen,2,0
1. FSV Mainz 05,2,0
1. Jugend Fussballschule KÃ¶ln,2,0
1. SC GÃ¶ttingen 05,2,0
Znojmo,2,0
Leys Hockey,2,0
1. SV Maria Anzbach,2,0
1UP Soccer,2,0
2,2,0
Chicago Fire Juniors Club,2,0
2008,2,0
2008 Michigan Hawks,2,0
2008 PLSJQ CS Longueuil U16,2,0
2009 1.B,2,0
Boston Bolts,2,0
2011 MLS Next,2,0
2015G PFCU,2,0
2024,2,0
212000-1082,2,0
32 Rue des Lys,2,0
360 TSA,2,0
37 clos CarrÃ¨re,2,0
ÃA,2,0
3rd Eye FC,2,0
49er United Soccer Club - Blast,2,0
54079240F,2,0
56ers,2,0
703,2,0
78,2,0
780,2,0
780,2,0
7ARanch,2,0
7 Hills,2,0
Francis Fc,2,0
The Goal Getter,2,0
aaa,2,0
a,2,0
a,2,0
a,2,0
Rugby,2,0
a,2,0
A,2,0
A,2,0
A,2,0
A,2,0
A27,2,0
A27,2,0
aaa,2,0
Aaa,2,0
AA,2,0
AaB 22222,2,0
AaBK,2,0
Aabk,2,0
AaBK,2,0
AaHK,2,0
Aade,2,0
Knights,2,0
AAFC,2,0
Chang,2,0
Aalborg Foldbolddommerkluv,2,0
Aalborg HÃ¥ndbold Ungdom,2,0
Aalborg KFUM,2,0
Ã…rby GI,2,0
AGF,2,0
AGF,2,0
Aarhus United U19,2,0
Aaron,2,0
Sv Aartselaar,2,0
Arizona Arsenal Soccer Club RL,2,0
AAu Texas hardwork,2,0
AB,2,0
Vigerslev,2,0
Abbe,2,0
Russ,2,0
Abbey Rangers u18,2,0
abc,2,0
ABC,2,0
ABC BranÃ­k,2,0
Licence B,2,0
Abdi,2,0
Abdi,2,0
ADRRS,2,0
Wanderers,2,0
Abertillery under 10,2,0
Aber Town,2,0
Aviron Bayonnais,2,0
Abingdon School,2,0
Abingdon Utd U18,2,0
Abk,2,0
ABOUT FUTBOL,2,0
Aboyne,2,0
Absegami High School Girls Soccer,2,0
AB U-14/2,2,0
ABV Stuttgart,2,0
Ã…byhÃ¸j,2,0
AC Academy 2010,2,0
Stafford Atletico,2,0
Academia germana,2,0
Academia GermanÄƒ,2,0
AGF,2,0
PlanÃ¨te foot,2,0
AcadÃ©mie Seconde Chance,2,0
Academie Moulins,2,0
Academix FC,2,0
Academy66,2,0
Academy Soccer,2,0
Ac Ajaccio,2,0
AC Amager,2,0
AC Amager Academy,2,0
AC Amager Academy,2,0
Acardia JEJ Ltd t/a REACH EFS,2,0
ACA Varsity Boys Basketball,2,0
Acbb,2,0
Accademia Borgomanero,2,0
Ac Cambrai,2,0
JPS / HEADS UP VEST / ACCELERATOR SCHOOL,2,0
Access sport Norwich,2,0
A.C. CHIEVOVERONA,2,0
Accrington Stanley,2,0
ACCS,2,0
DOXA ANOIXIS,2,0
ACE,2,0
Achel VV,2,0
Achel VV,2,0
Achilles1894,2,0
Achilles,2,0
achorsens,2,0
AC Horsens,2,0
AC Horsens,2,0
A Clubhouse,2,0
AC M,2,0
Ac Paris 15,2,0
ACR,2,0
ATW,2,0
Acs,2,0
AC Sparta Praha,2,0
AC Sparta Praha,2,0
"AC Sparta Praha fotbal, a.s.",2,0
Activate Learning City of Oxford College,2,0
AD AlcorcÃ³n,2,0
Ada Lovelace CE High School,2,0
adam,2,0
Adam,2,0
Butler,2,0
Adam French,2,0
Adam Guilfoyle,2,0
Brookehouse College Football Academy,2,0
Adam Milton,2,0
Adam,2,0
Old Rutlishians,2,0
Adams State Men's soccer,2,0
SHMA,2,0
ADARE360,2,0
Adare,2,0
Adarve,2,0
used in casual conversation,2,0
Addison soccer,2,0
Alan,2,0
Comets,2,0
Hawks,2,0
Adelaide Jaguars,2,0
Adelaide University Soccer Club,2,0
Adolfsberg,2,0
Adi,2,0
Adrian-Crusaders,2,0
Balla Secondary School,2,0
Nacka FC,2,0
Adry,2,0
Advanced Player Development,2,0
AE,2,0
AEL,2,0
AES,2,0
AETOS LOYTRON,2,0
Afc,2,0
Afc,2,0
AFC,2,0
Footage,2,0
AFC,2,0
AFC 09_3,2,0
afc'34,2,0
AFC 34 U23,2,0
AFC Ajax,2,0
AFC,2,0
AFC,2,0
AFC Bournemouth Community Sports Trust,2,0
AFC Bournemouth CST,2,0
AFC Crawley,2,0
Afc creil u18 feminin,2,0
AFC Ermont,2,0
AFC Eskilstuna,2,0
AFC Eskilstuna,2,0
AFC Foresters,2,0
AFC FYLDE u11,2,0
AFC Green Court,2,0
AFC Legion,2,0
AFC Market Bosworth,2,0
AFC Neumarkt,2,0
Newbury,2,0
AFC Portchester,2,0
AFC Portchester U18's,2,0
AFC Richmond,2,0
Rushden and diamonds,2,0
AFC Rushden & Diamonds,2,0
A.F.C Stoneham Wolves,2,0
Sudbury,2,0
Telford,2,0
AFC Varndeanians,2,0
AFC Walcountians,2,0
AFC Wembley,2,0
AFC,2,0
Whyteleafe,2,0
AFC Wilgar,2,0
AFC wimbledon,2,0
AFC Wimbledon,2,0
AFC Wimbledon,2,0
AFC Wulfrunians,2,0
Afdk,2,0
AFF,2,0
AGB,2,0
Age Group- Player Name,2,0
Agervej,2,0
AGF,2,0
AGF,2,0
AGF,2,0
AGF Kvindefodbold,2,0
AGF,2,0
Aggie,2,0
Aghyaran,2,0
AGIA PARASKEVI,2,0
AOAN,2,0
Agnes Scott College,2,0
Ãguilas,2,0
Aguilas Doradas,2,0
Ahlafors IF,2,0
Ahmed,2,0
Ahmed Ammar,2,0
Charre,2,0
Ahmed mahmood,2,0
Amme,2,0
AIA Belluno,2,0
AIA SARONNO,2,0
Mohamed,2,0
Aidan,2,0
Aiden,2,0
Aif,2,0
AIFC,2,0
AIF_club_house,2,0
Aif,2,0
AIK,2,0
AIK P11,2,0
Airdrieonians,2,0
Airborne,2,0
Airbus,2,0
Airbus FC Academy,2,0
FC AÃ¯re,2,0
Aisling Annacotty,2,0
Aisling,2,0
AISR,2,0
Aix,2,0
Aix fc,2,0
Aix les bains,2,0
AJ Auxerre,2,0
AJ AUXERRE,2,0
AJA,2,0
Ajax,2,0
ASC,2,0
Ajax Video Analyse,2,0
AJâ€™s future,2,0
AK1,2,0
SMS APR,2,0
AB,2,0
AB,2,0
AB,2,0
Akam,2,0
Ã…kersberga FC,2,0
Ã…kra,2,0
Alabama FC,2,0
AFC,2,0
Alabaster 05/06 Select,2,0
ASC Islanders,2,0
AFC,2,0
Alamein,2,0
Alamo Heights,2,0
Alan,2,0
Alanb,2,0
Ã…land Referees,2,0
Alan,2,0
Al,2,0
Alan,2,0
Guildford Saints Tornadoes,2,0
Alanyaspor,2,0
Alaska,2,0
Albany Girls Soccer,2,0
Albany HS Varsity,2,0
Alba Soccer Academy,2,0
IF Karlstad Fotboll,2,0
Alberta,2,0
Alberta Soccer,2,0
AIF,2,0
Albertville High School Men's Soccer,2,0
AMTF,2,0
Albin,2,0
Albion,2,0
Albion,2,0
Albion,2,0
Albion,2,0
Albion FC,2,0
Benjamin AHFC,2,0
Albion,2,0
Albion,2,0
Albion,2,0
Albion Park White Eagles,2,0
Albion SC,2,0
Albion,2,0
ALB,2,0
Albion,2,0
Alcester RFC,2,0
Alcester RFC,2,0
Aldenham,2,0
Aldenham,2,0
AlderburyFC,2,0
Aldershot,2,0
Aldershot Town,2,0
Aldershot Town Football Club,2,0
Aldo,2,0
Alec Hunter,2,0
Aledo,2,0
Forza 2008,2,0
PR TEAM,2,0
Qviding FIF Dam,2,0
Aleksi,2,0
Alemannia Aachen,2,0
Fc Slovan Liberec U17,2,0
Alex,2,0
Rush,2,0
Alets IK,2,0
BCFC,2,0
Alex,2,0
Alex,2,0
Alex,2,0
JÃ¸lster,2,0
NSSA,2,0
alex,2,0
Herning fremad,2,0
Alex,2,0
Alex,2,0
Alexandra Park WFC,2,0
Lexi,2,0
Pinheiro,2,0
Alexandre FRAPPREAU,2,0
Alexandria Soccer,2,0
Alexandria,2,0
Alexandria Soccer Association,2,0
ASA,2,0
Alex Blower,2,0
Alex,2,0
Alex fc,2,0
Alexis Guillon,2,0
Ref,2,0
Alex shaw,2,0
Alex Test,2,0
Alex Walpole,2,0
West Ham,2,0
Alfie Howden,2,0
Ãlftanes,2,0
Ã…lgÃ¥rd FK,2,0
Momme,2,0
Alief,2,0
Cricklewood,2,0
Ali,2,0
F19,2,0
Alkharaitiyat sport clun,2,0
Dvinge,2,0
Allemania aacgen,2,0
Allen East,2,0
Allenwood,2,0
AllerÃ¸d FK,2,0
Allerton,2,0
AllesÃ¸,2,0
AS Laval,2,0
Allied,2,0
AllSkills,2,0
AllSkills,2,0
Allstars FC,2,0
Almere City,2,0
Almere City FC,2,0
Ã„lmhults if,2,0
Alpha Forms,2,0
Alphense boys,2,0
Alphense Boys,2,0
Alport,2,0
Al-Raed FC,2,0
Als,2,0
ALTA IF,2,0
Ã„lta IF,2,0
Altimira,2,0
altona city,2,0
altona city,2,0
Altona city,2,0
Altona city,2,0
Altona City,2,0
Altona city soccer club,2,0
Altona Magic,2,0
Alton hc,2,0
Alvarado Sports,2,0
Alvernia Men's Soccer,2,0
Alvernia,2,0
AGIF,2,0
Alviks IK,2,0
Ã„lvsborg,2,0
Ã„lvsborg,2,0
Ã„lvsjÃ¶ P09 Vit,2,0
Ã„lvsjÃ¶ AIK,2,0
Ã„AIK,2,0
APF,2,0
NIST Faclons,2,0
Amanda,2,0
Amar,2,0
Amaranth Crossgates,2,0
Amarillo Rush,2,0
amateur,2,0
Amazon,2,0
Ambassadors,2,0
ambrose,2,0
Amelia Hockey,2,0
AFGS,2,0
American Scout Network,2,0
Amesbury Tornadors,2,0
Ames Soccer Club,2,0
Ames Soccer Club,2,0
Amherst College,2,0
AS VERSON,2,0
Amin,2,0
Amman United,2,0
AmmitsbÃ¸l Fodbold,2,0
AMSG FC,2,0
Afc,2,0
AFC,2,0
Unnamed Club (Âµ),0,0
RIASA Helsinki,0,0
CFSC,0,0
Unnamed Club (-),0,0
Unnamed Club (-),0,0
Unnamed Club (-),0,0
Unnamed Club (-),0,0
Unnamed Club (-),0,0
Unnamed Club (-),0,0
--,0,0
Unnamed Club (-),0,0
Unnamed Club (-),0,0
Unnamed Club (-),0,0
UFV Men's Soccer,0,0
Unnamed Club (-),0,0
Unnamed Club (-),0,0
Unnamed Club (-),0,0
STFV,0,0
Unnamed Club (-),0,0
Unnamed Club (-),0,0
The FA,0,0
Unnamed Club (-),0,0
Unnamed Club (-),0,0
Unnamed Club (-),0,0
Unnamed Club (-),0,0
Unnamed Club (-),0,0
Unnamed Club (-),0,0
Unnamed Club (-),0,0
Unnamed Club (-),0,0
Unnamed Club (-),0,0
Unnamed Club (-),0,0
Unnamed Club (-),0,0
Unnamed Club (-),0,0
Unnamed Club (-),0,0
Unnamed Club (-),0,0
Unnamed Club (-),0,0
Unnamed Club (-),0,0
Unnamed Club (-),0,0
---,0,0
Unnamed Club (-),0,0
Unnamed Club (-),0,0
Unnamed Club (-),0,0
Unnamed Club (-),0,0
Unnamed Club (-),0,0
Unnamed Club (-),0,0
--,0,0
---,0,0
---,0,0
-----,0,0
",",0,0
",,,,",0,0
",,,,,",0,0
!,0,0
!!,0,0
?,0,0
Estudiantes,0,0
?,0,0
??,0,0
/,0,0
/,0,0
.,0,0
.,0,0
.,0,0
.,0,0
.,0,0
.,0,0
.,0,0
.,0,0
.,0,0
.,0,0
.,0,0
Tom,0,0
.,0,0
.,0,0
.,0,0
.,0,0
.,0,0
SlayersFC,0,0
.,0,0
.,0,0
Arkansas Rising Competitive Soccer,0,0
.,0,0
Saint Colomban LOCMINE,0,0
.,0,0
Saint Colomban,0,0
.,0,0
.,0,0
.,0,0
.,0,0
.,0,0
.,0,0
FP CP Boys 2011 Red,0,0
.,0,0
.,0,0
FP CP Boys 09 Red,0,0
FP CP Boys 09 Elite,0,0
.,0,0
.,0,0
.,0,0
.,0,0
.,0,0
.,0,0
.,0,0
.,0,0
.,0,0
.,0,0
.,0,0
.,0,0
IJF Academy,0,0
.,0,0
Geelong Soccer Club,0,0
.,0,0
.,0,0
.,0,0
.,0,0
Coventry City Womens,0,0
.,0,0
.,0,0
S.c. Stiens,0,0
.,0,0
.,0,0
.,0,0
.,0,0
.,0,0
.,0,0
.,0,0
.,0,0
.,0,0
Boise Timber Thorn,0,0
UppÃ¥kra if,0,0
.,0,0
.,0,0
.,0,0
.,0,0
.,0,0
Hornsby Heights,0,0
.,0,0
.,0,0
.,0,0
.,0,0
.,0,0
.,0,0
.,0,0
.,0,0
.,0,0
.,0,0
.,0,0
.,0,0
.,0,0
.,0,0
.,0,0
.,0,0
.,0,0
.,0,0
.,0,0
.,0,0
.,0,0
.,0,0
.,0,0
..,0,0
..,0,0
.,0,0
..,0,0
..,0,0
EXOR SRL,0,0
...,0,0
...,0,0
Kramo,0,0
Matilda Torres,0,0
...,0,0
...,0,0
..,0,0
...,0,0
RCS Sart Tilman,0,0
Oldham Rugby,0,0
...,0,0
...,0,0
...,0,0
--,0,0
TringRugby,0,0
Sport academy,0,0
rams,0,0
$%@$%#$#$%@,0,0
*,0,0
+,0,0
â€¦,0,0
ã‚,0,0
ã¾,0,0
â€”-,0,0
â€¦.,0,0
â€¦.,0,0
â€¦..,0,0
â€¦â€¦,0,0
ã¿ã™,0,0
ã…ã…,0,0
ë‚œìš°,0,0
ëŠ¥í’‹,0,0
ë°•í˜„,0,0
ì‚¼ì„ ,0,0
ìš©ìš´,0,0
ìœ„ë„ˆ,0,0
ì€ì„ ,0,0
ì¤‘ë™,0,0
ìì—°ê³¼í•™ê³ ë“±í•™êµ,0,0
ì„œìš¸ ë¬¸ë˜ì¤‘,0,0
ê²½ë¶ ìì—°ê³¼í•™ê³ ,0,0
ê²½ë¶ ìì—°ê³¼í•™ê³ ,0,0
ê²½ë¶ ìì—°ê³¼í•™ê³ ,0,0
ê²½ë¶ ìì—°ê³¼í•™ê³ ,0,0
ì„œìš¸ ë””í‹°ì—í”„ì”¨,0,0
ì„œìš¸ ë¬¸ë˜ì¤‘í•™êµ,0,0
â€”â€”-,0,0
ã¦ã™ã¨,0,0
ãƒ†ã‚¹ãƒˆ,0,0
ãƒ†ã‚¹ãƒˆ,0,0
ãƒ‡ãƒãƒ,0,0
ãƒãƒªãƒ,0,0
ê²½ì‹ ì¤‘,0,0
ê²½ì‹ ì¤‘,0,0
ê¶Œì€ì¬,0,0
ë¬¸ë˜ì¤‘,0,0
ì‹ ì„¸ì¢…,0,0
ì‹ ì¥ì¤‘,0,0
ìœ ì œì›,0,0
ì§„ì˜ì°¬,0,0
ê¹€ì˜ê¶Œ ì¶•êµ¬í´ëŸ½,0,0
ìš©ìš´ì¤‘ ê²½ë¶ìì—°ê³¼í•™ê³ ,0,0
ìš©ìš´ì¤‘.ìì—°ê³¼í•™ê³ ,0,0
ìš©ìš´ì¤‘.ìì—°ê³¼í•™ê³ ,0,0
ã‚¢ãƒªãƒ¼ãƒ,0,0
ãƒ‹ãƒ£ãƒ³ã‚¿,0,0
ãƒ•ãƒ¬ãƒ³ã‚º,0,0
ãƒ™ãƒˆãƒŠãƒ ,0,0
ãƒ¬ã‚¤ã‚¨ã‚¹,0,0
ãƒ¬ã‚¤ã‚¨ã‚¹,0,0
ê¹€í•´ê·¸ë¦¿,0,0
ë°˜ì•¼ì›”ì´ˆ,0,0
ì„±ë‚¨ì‹œí‹°,0,0
ìˆ˜ì›ê³µê³ ,0,0
ì›ì£¼í•™ì„±,0,0
ì¸ìœ ì„œêµ¬,0,0
ì¸ìœ ì„œêµ¬,0,0
í’‹ë³¼ì•„ì´,0,0
í’‹ë³¼ì•„ì´,0,0
í’‹ë³¼ì•„ì´,0,0
í•œì–‘ê³µê³ ,0,0
í•œì–‘ê³µê³ ,0,0
ì¸ì²œì„œêµ¬ ìœ ë‚˜ì´íŠ¸,0,0
í’‹ë³¼ì•„ì´ í’‹ë³¼íŒŒí¬,0,0
â€¦â€¦â€¦â€¦..,0,0
ã‚¢ãƒ¼ã‚»ãƒŠãƒ«,0,0
ã‚­ãƒ«ã‚·ã‚§ãƒ³,0,0
ã‚¯ãƒ©ãƒƒã‚¯ã‚¹,0,0
ãƒªãƒ™ãƒ«ã‚¿ã‚¹,0,0
ê²½ì‹ ì¤‘í•™êµ,0,0
ê²½ì£¼ì •ë³´ê³ ,0,0
ê²½í¬ì¤‘í•™êµ,0,0
ë‹¤ì‚°ì£¼ë‹ˆì–´,0,0
ëŒ€êµ¬í™”ì›ì´ˆ,0,0
ë°°ì¬ëŒ€í•™êµ,0,0
ë°°ì¬ëŒ€í•™êµ,0,0
ë°°ì¬ëŒ€í•™êµ,0,0
ë¶€ì²œì£¼ë‹ˆì–´,0,0
ìˆœì²œì¶•êµ¬ë‹¨,0,0
ì•ˆì–‘ì¤‘í•™êµ,0,0
ì•ˆì–‘ì¤‘í•™êµ,0,0
ì•ˆì–‘ì¤‘í•™êµ,0,0
ì•ˆì–‘ì¤‘í•™êµ,0,0
ì˜ë‚¨ëŒ€í•™êµ,0,0
ì˜ë‚¨ëŒ€í•™êµ,0,0
ì˜ë‚¨ëŒ€í•™êµ,0,0
ì˜¤í˜„ì¤‘í•™êµ,0,0
ìš©ìš´ì¤‘í•™êµ,0,0
ìš©ìš´ì¤‘í•™êµ,0,0
ì¼ë™ì¤‘í•™êµ,0,0
ì¼ë™ì¤‘í•™êµ,0,0
ì¼ë™ì¤‘í•™êµ,0,0
ì¼ë™ì¤‘í•™êµ,0,0
ìì—°ê³¼í•™ê³ ,0,0
ìì—°ê³¼í•™ê³ ,0,0
ìì—°ê³¼í•™ê³ ,0,0
ìì—°ê³¼í•™ê³ ,0,0
ìì—°ê³¼í•™ê³ ,0,0
ì¤‘ë‘ì¶•êµ¬ë‹¨,0,0
ì¤‘ë‘ì¶•êµ¬ë‹¨,0,0
ì¤‘ë‘ì¶•êµ¬ë‹¨,0,0
ì§„ì²œìœ ì†Œë…„,0,0
ì²œì•ˆì œì¼ê³ ,0,0
ì²œì•ˆì œì¼ê³ ,0,0
ì¶©ì˜ì¤‘í•™êµ,0,0
í¬í•­ì—¬ì „ê³ ,0,0
í¬í•­í•­ë„ì¤‘,0,0
í™”ì„±ì‹œì„œë¶€,0,0
ã‚¤ãƒ¼ã‚¹ãƒˆãƒ¼ãƒ«,0,0
ã‚¤ãƒ¼ã‚¹ãƒˆãƒ¼ãƒ«,0,0
ã‚¨ã‚¹ãƒšãƒ©ãƒ³ã‚µ,0,0
ãƒ•ãƒªãƒ¼ãƒ—ãƒ©ãƒ³,0,0
ë¶€ì‚°ì•„ì´íŒŒí¬,0,0
ì„œê·€í¬ì¤‘í•™êµ,0,0
ì†ì´ˆë§ˆë“œë¦¬ë“œ,0,0
ìˆœë³µìŒì´ì‹ ëŒ€,0,0
ì—¼ê¸°í›ˆì£¼ë‹ˆì–´,0,0
ì—¼ê¸°í›ˆì£¼ë‹ˆì–´,0,0
ì—¼ê¸°í›ˆì£¼ë‹ˆì–´,0,0
ì§„ì²œêµ°ìœ ì†Œë…„,0,0
ğ€ğ¡ğ¦ğšğ,0,0
ãƒãƒ¼ãƒ«ãƒã‚·ãƒ†ã‚£,0,0
ê²½ë¶ìì—°ê³¼í•™ê³ ,0,0
ê²½ë¶ìì—°ê³¼í•™ê³ ,0,0
ê²½ë¶ìì—°ê³¼í•™ê³ ,0,0
ê²½ë¶ìì—°ê³¼í•™ê³ ,0,0
ê²½ë¶ìì—°ê³¼í•™ê³ ,0,0
ê²½ë¶ìì—°ê³¼í•™ê³ ,0,0
ê²½ë¶ìì—°ê³¼í•™ê³ ,0,0
ê¹€ì˜ê¶Œì¶•êµ¬í´ëŸ½,0,0
ë¶€ì²œìœ ë‚˜ì´í‹°ë“œ,0,0
ë¶€ì²œìœ ë‚˜ì´í‹°ë“œ,0,0
ë¶€ì²œìœ ë‚˜ì´í‹°ë“œ,0,0
ìˆ˜ì›ë¹„ë¹„ê¸€ë¡œë²Œ,0,0
ìˆ˜ì›ë¹„ë¹„ê¸€ë¡œë²Œ,0,0
ìˆ˜ì›ë¹„ë¹„ê¸€ë¡œë²Œ,0,0
ì²­ë£¡ìœ ë‚˜ì´í‹°ë“œ,0,0
ì²­ë£¡ìœ ë‚˜ì´í‹°ë“œ,0,0
ì²­ë£¡ìœ ë‚˜ì´í‹°ë“œ,0,0
ì¸ì²œìœ ë‚˜ì´í‹°ë“œ ì„œêµ¬ì§€ë¶€,0,0
ìš©ìš´ì¤‘.ìì—°ê³¼í•™ê³ ,0,0
ìˆ˜ì›ê³µì—…ê³ ë“±í•™êµ,0,0
ì œì£¼ì œì¼ê³ ë“±í•™êµ,0,0
ì˜ˆì¼ë©”ë””íƒê³ ë“±í•™êµ,0,0
ì˜ˆì¼ë©”ë””í…ê³ ë“±í•™êµ,0,0
ã‚¯ãƒ¼ãƒãƒ¼ãƒ»ã‚³ãƒ¼ãƒãƒ³ã‚°,0,0
ê²½ë¶ìì—°ê³¼í•™ê³ ë“±í•™êµ,0,0
ê²½ë¶ìì—°ê³¼í•™ê³ ë“±í•™êµ,0,0
ê²½ë¶ìì—°ê³¼í•™ê³ ë“±í•™êµ,0,0
ì—°ìˆ˜êµ¬ì²­ìœ ì†Œë…„ì¶•êµ¬ë‹¨,0,0
ì—¼ê¸°í›ˆì£¼ë‹ˆì–´ì¶•êµ¬í´ëŸ½,0,0
ì—¼ê¸°í›ˆì£¼ë‹ˆì–´ì¶•êµ¬í´ëŸ½,0,0
í¬í•­ì—¬ìì „ìê³ ë“±í•™êµ,0,0
ãƒˆãƒ©ã‚¤ãƒ«ã‚µãƒƒã‚«ãƒ¼ã‚¯ãƒ©ãƒ–,0,0
ãƒ•ãƒœãƒ«ãƒ•ãƒƒãƒãƒœãƒ¼ãƒ«ã‚¯ãƒ«ãƒ¼ãƒ™,0,0
ã‚¯ãƒ¼ãƒãƒ¼ãƒ»ã‚³ãƒ¼ãƒãƒ³ã‚°ãƒ»ã‚¸ãƒ£ãƒ‘ãƒ³,0,0
ãƒˆãƒ¬ãƒ¼ãƒ‹ãƒ³ã‚°ã€€ï¼ˆã‚¸ãƒ¥ãƒ‹ã‚¢ï¼†ã‚¸ãƒ¥ãƒ‹ã‚¢ãƒ¦ãƒ¼ã‚¹ï¼‰,0,0
0,0,0
Ø£ÙƒØ§Ø¯ÙŠÙ…ÙŠØ© Ù…Ø¯Ø±ÙŠØ¯Ø³ØªØ§,0,0
0,0,0
0,0,0
0,0,0
0,0,0
0,0,0
0,0,0
0,0,0
0001000002797987,0,0
002_SFãƒ¬ãƒ³ã‚¿ãƒ«_æ±å±±ç´ã¤ã‘è²¸å‡ºä¸­,0,0
003_SFãƒ¬ãƒ³ã‚¿ãƒ«_æœªè²¸å‡º,0,0
007,0,0
007_SFãƒ¬ãƒ³ã‚¿ãƒ«_æœªè²¸å‡º,0,0
01-05-24,0,0
02-04-24,0,0
03-05-24,0,0
03-05-24-0,0,0
035,0,0
SSA,0,0
041223,0,0
Rsl,0,0
Voltage,0,0
05/06G B-Elite Denver Academy DPL,0,0
05 Legends,0,0
06,0,0
06/07 Bay are surf ECNL,0,0
06-08-24,0,0
0700771416,0,0
07 & 08 Arsenal,0,0
07/08 Boys Premier,0,0
07 BIS RUE JEAN JAURES,0,0
07B GTFC,0,0
07 Selects,0,0
07 vestur,0,0
07 vestur,0,0
07 virks,0,0
08-01-24,0,0
08-02-24,0,0
08ALBION DPL,0,0
08` Athletico,0,0
DKSC,0,0
08 Gunners,0,0
08 NPL South,0,0
08 Rising Capone,0,0
09 Albion,0,0
09 Alliance,0,0
09 AR Rising ECRL,0,0
09B ECNL,0,0
09 Blue DPL,0,0
09BNationals,0,0
09 CCFC Youth Elite E64 G,0,0
09G Gunners ECNL-RL,0,0
09NPL vs TSC,0,0
09 NUSA,0,0
09 Rangers FC,0,0
09 Silicon Vally,0,0
1,0,0
1,0,0
1,0,0
test,0,0
1,0,0
1,0,0
1,0,0
1,0,0
1,0,0
1,0,0
1,0,0
1,0,0
1,0,0
1,0,0
KF Vellazerimi(S),0,0
1,0,0
1,0,0
1,0,0
1,0,0
1,0,0
1,0,0
1,0,0
1,0,0
1,0,0
1000 clubs,0,0
GU12 All Stars,0,0
10B ECNL,0,0
10,0,0
10,0,0
10DP,0,0
10 Girls E64RL SUR,0,0
10G SLSGDeClue,0,0
10 Hope Road,0,0
10u dolphins,0,0
11,0,0
11,0,0
11-01-24,0,0
111,0,0
111_shared_club,0,0
1,0,0
115 impasse des cypres,0,0
11-7-1983,0,0
117FC Academy,0,0
11B Central Rapids Select 1,0,0
11 FKK ECNL,0,0
11 Freunde,0,0
11g dpl johnson,0,0
11 Smyrna,0,0
11u varsity,0,0
12,0,0
12,0,0
12-04-24,0,0
123,0,0
12.2 PE 2024,0,0
ì„¸ì¢… ë ˆì•Œ FC ì¶•êµ¬ ì•„ì¹´ë°í‚¤,0,0
123,0,0
123,0,0
+1 239-848-5646,0,0
12416 West Cheshire Court,0,0
124536,0,0
12a,0,0
12U CVYSA Blue G,0,0
13-08-24,0,0
+1 323-919-4086,0,0
"13 Hill Top Drive, Rochdale",0,0
13 STEERTSTRAAT,0,0
+1 408-482-5450,0,0
+1 408-482-5450,0,0
+1 408-482-5450,0,0
+1 408-482-5450,0,0
+1 408-482-5450,0,0
14 2s,0,0
145 Haggerty Rd,0,0
14780 Bar Harbor Rd,0,0
14:ae:85:91:63:18,0,0
14B national silver,0,0
14B The King's School,0,0
14th grade TDP,0,0
+1 508-498-6328,0,0
+1 518-365-5797,0,0
15 degrees,0,0
15â€™s Selwyn,0,0
16-01-24,0,0
16-01-24,0,0
16-01-24-2,0,0
16-04-24,0,0
16-05-24,0,0
BTH Raiders Dev,0,0
16318,0,0
16Collinfeild,0,0
16 Green 2024,0,0
17-07-24,0,0
1776,0,0
+1 781-316-5061,0,0
1812 Lacrosse,0,0
1874 Northwich FC,0,0
1880,0,0
18 Smithland Court,0,0
18th Newtownabbey,0,0
18th Newtownabbey,0,0
18th Newtownabbey FC,0,0
+1 901-634-4216,0,0
+1 901-634-4216,0,0
+1 901-634-4216,0,0
1974 Newark,0,0
1974 Newark FC,0,0
1974 Newark FC,0,0
1974 NEWARK FC,0,0
1974 Newark FC 13G Pre-NPL,0,0
Newark FC,0,0
1974 NFC,0,0
1980 Wien,0,0
1.BFK FrÃ½dlant nad OstravicÃ­,0,0
1.BFK FrÃ½dlant nad OstravicÃ­,0,0
1. Cfr Pforzheim,0,0
1Click FC,0,0
1. Damen,0,0
1Dezembro,0,0
1Ã¨re Ã©quipe du FC Haute-Ajoie,0,0
FC Erlensee,0,0
1. FC Bad KÃ¶tzting,0,0
1.Fc Bocholt,0,0
1. FC Bocholt,0,0
1.FC Bocholt,0,0
1.FCBruchsal,0,0
1. FC DÃ¼ren,0,0
DÃ¼ren,0,0
1. fc eintracht erlach,0,0
1. FC Germania Egestorf/Langreder,0,0
Gievenbeck,0,0
FC Gievenbeck,0,0
1.FC Godesberg,0,0
1. FC Greiz,0,0
FC Heidenheim,0,0
1. FC Heidenheim,0,0
1. FC Heiningen,0,0
1. FC Herzogenaurach,0,0
1.FC Hohenacker,0,0
1. FC Kaiserslautern,0,0
1.FC Kalchreuth 2,0,0
1 fc Klebe,0,0
1fc kleve,0,0
1.Fc Kleve,0,0
1 FC Kleve,0,0
1.FC Kleve,0,0
1.FC Kleve,0,0
1.FC Kleve,0,0
1.fc kÃ¶ln,0,0
1. FC Magdeburg,0,0
1. FC Magdeburg,0,0
1.FC Magdeburg,0,0
F.C. 07,0,0
1.Fc.MÃ¶nchengladbach,0,0
1 FC MÃ¶nchengladbach,0,0
1.FC MÃ¶nchengladbach,0,0
1.FC MÃ¶nchengladbach,0,0
1.FC Netolice,0,0
1. FC Neubrandenburg 04,0,0
1.FC Normannia GmÃ¼nd Jugend,0,0
1. Fc Nurnberg,0,0
1.FC Rieden,0,0
1. FC Rielasingen,0,0
1. FC Rielasingen-Arlen,0,0
FCR,0,0
Rielasingen,0,0
1.fc SaarbrÃ¼cken,0,0
1 FC SaarbrÃ¼cken,0,0
1.FC SaarbrÃ¼cken,0,0
1 FC Schwalmstadt,0,0
1.FC SLOVACKO,0,0
1.FCSonneberg04,0,0
1.FC Sonthofen,0,0
1.FC Sonthofen,0,0
Testclub,0,0
1. FC Union Berlin,0,0
1. FC Viersen A-Jugend,0,0
1.fc Wilmersdorf,0,0
1.F.c Wilmersdorf,0,0
1 FC Wolfsburg Frauen,0,0
FC Wunstorf,0,0
1.FFC Kaiserslautern,0,0
1.FFC,0,0
1FK,0,0
1 Fortuna Wiener NeustÃ¤dter SC,0,0
1. FFC Elbinsel,0,0
1G performance,0,0
1.JFS U14-II,0,0
SG LÃ¼nebach/Pronsfeld/Watzerath,0,0
SG LÃ¼nebach/Pronsfeld/Watzerath,0,0
1. Oberalmer Sportverein,0,0
1RA,0,0
1. Sc GÃ¶ttingen 05,0,0
1. Sc GrÃ¶benzell,0,0
Kohlheck,0,0
1. SC Znojmo,0,0
1 Squadra,0,0
1ste elftal,0,0
1st.micheals,0,0
1st Team,0,0
St John's School Leatherhead,0,0
1,0,0
2,0,0
2,0,0
3,0,0
2,0,0
2,0,0
ê°•ë‚¨ì¶•êµ¬ê³µì›2êµ¬ì¥,0,0
200240916 GrÃ¼n WeiÃŸ Wuppertal,0,0
2004 Hunting Ridge Drive,0,0
Scarborough,0,0
Sac,0,0
Sac,0,0
2007 Carolina Velocity Sporting,0,0
2007 Club Roma NRSP hp,0,0
2007 ECNL RL,0,0
07 emsa,0,0
2007 Hornets Boys,0,0
2007 Iowa ODP Girls,0,0
2007MOECNLRL,0,0
2007 Warriors,0,0
2008 Boys AFC I,0,0
2008F_Blue,0,0
2008G,0,0
Valley United,0,0
2008G Sting Dallas Royal ECNL Soutar,0,0
2008 HP1 BOYS,0,0
2008 Impact,0,0
2008 JSC Boys Gold,0,0
2008 Lobos Rush,0,0
2008 U17Girls,0,0
2009 Boise Timbers,0,0
2009 Boys ODP,0,0
2009B secondary,0,0
2009 florida west,0,0
2009 GA Beadling,0,0
2009 Lobos Rush ECNL-RL,0,0
2009 Michigan Hawks,0,0
2009 RL,0,0
2009 Sting Dallas Black ECNL,0,0
2010 Azzurri Boys 2010 Boys,0,0
2010B Guarneri,0,0
2010Black& FCC,0,0
2010 boys gold,0,0
2010 Crotty Family Concord Cobb,0,0
2010DPL One Knox,0,0
2010 East Enders,0,0
2010 Energy Boys,0,0
2010 FCA,0,0
2010 GA,0,0
2010G ECNL,0,0
2010G Elite Black vs. BA CLB Pre-Premier 10G (POP),0,0
2010 Giris academy,0,0
2010 Girls,0,0
2010 Girls,0,0
2010 GIRLS _ LiveStream,0,0
2010 girls south state select black,0,0
2010 lobos rush e64 boys,0,0
2010 Lobos Rush ECNL,0,0
2010 Michigan Jags NAL,0,0
2010 Nationals,0,0
2010 OSC Boys White,0,0
2010â€™s,0,0
2010 State Select White,0,0
2010 Thundercats,0,0
2010 ZYSA Green,0,0
2011 Azzurri Premier Girls,0,0
2011 Barocco,0,0
2010 BFC,0,0
2011 Boys Blue TKO,0,0
2011 Boys Gold,0,0
2011 Boys Green,0,0
2011 Boys Red,0,0
2011cfc,0,0
2011 Cook Inlet soccer club,0,0
2011 csa white rl,0,0
2011 DYS Hockey,0,0
2011 ENCLRL 2024_2025,0,0
2011 G ECRL,0,0
2011GElite64,0,0
2011 Legends Black,0,0
2011G Ibis,0,0
2011 girls national,0,0
2011 Internazionale Boys,0,0
2011 lobos rush white E64,0,0
2011MLSNext,0,0
2011 MUSA Boys,0,0
2011B MUSA Flyers,0,0
2011 Nationals Academy Gray,0,0
Scoripions,0,0
2011 premier red,0,0
2011 Rebels FC814,0,0
2011 U13 Girls ECNL,0,0
2011 Utah Royals FC-AZ ECNL,0,0
2012,0,0
2012-16,0,0
2012B Blue EC Revolution Pre-NPL,0,0
2012B ECNL R-LASSITER BOYS,0,0
2012Boys Test,0,0
2012 B Phoenix,0,0
2012 Dallas Texans ECRL,0,0
2012 Deptford Peemier,0,0
2012 East Enders,0,0
2012 ECNL,0,0
2012 ECNL Austin Shievers,0,0
2012 ECNL TIMBERS,0,0
2012 Germantown Lady Legends Black,0,0
2012 Girls Elite - BUSC,0,0
2012 Girls Gold,0,0
2012 girls green,0,0
Phx Rising FC,0,0
2012G White,0,0
2012 Lady Legends ECNL,0,0
LAFC,0,0
2012 Peoria Navy,0,0
2012 Placer Pre-ECNL,0,0
2012 South Pre ECNL,0,0
2012 Team-Miami Futbol Academy Rush,0,0
2013,0,0
2013B D1A,0,0
2013 Boys Barrie Soccer,0,0
2013 Boys Elite,0,0
2013 Bryst Football Academy,0,0
2013 CKY Storm Boys,0,0
2013 Cook Inlet SC Girls,0,0
2013 crusaders,0,0
2013 Deep Run Rams,0,0
2013 Hammarby akademin flickor,0,0
2013 northstars,0,0
2013 Pre ECNL,0,0
Purple Rain,0,0
SFRapid 2014,0,0
2014B DME,0,0
2014B DME U11,0,0
2014 Girls,0,0
2014 Girls SAC Travel,0,0
2014 G red,0,0
2014G Revolution gray,0,0
2014 O2 Grizzlies,0,0
2014 O2 Grizzlies,0,0
2014 Phoenix Rising,0,0
2014 Spartan,0,0
2014 Spartan,0,0
2014 (U10) Green,0,0
2015 Ambassadors,0,0
2015 ECSA Boys Elite,0,0
2015 FC Seaton Boys,0,0
2015 Girld,0,0
2015 Major 02 Grizzlies Hockey,0,0
2015 Vikings (Hamilton),0,0
2016 & 2011 Defc,0,0
2016B Academy I,0,0
2016 Birth Year,0,0
2016 Elite,0,0
2023,0,0
2023-2024 IRGPurple-Arechega,0,0
2023-2024 Stevenson Soccer,0,0
2023/24 GU12 ECNL II 2012,0,0
2023GU12,0,0
Lady Devils Soccer,0,0
2023 qld country championships,0,0
2023 Summit Boys Varsity,0,0
2023 Team Ontario U17,0,0
2024,0,0
2024-2025 Bishop Moore Girls Soccer,0,0
2024 - 2025 Merhoff Teams,0,0
2024/25,0,0
2024 Fall Premier Gold,0,0
2024 Idaho Falls Eagles,0,0
2024 IL ODP Sub Regional,0,0
2024 Season,0,0
2024 Spring Tryouts,0,0
2027 Kings,0,0
2030 Hawks Black,0,0
210 FC,0,0
12,0,0
11,0,0
21855591352593,0,0
21862219908881,0,0
21896515297297,0,0
21896539931281,0,0
21897308281361,0,0
21901332615185,0,0
22-04-24,0,0
22 September,0,0
240 Sport,0,0
24-25 2015 Girls Cyclones Black,0,0
249 FC,0,0
24H,0,0
253 Lacrosse,0,0
253 Lacrosse,0,0
"25,rue du MÃ»rier",0,0
25 septiembre,0,0
2605151191,0,0
2605151191,0,0
2605151191,0,0
2605151191,0,0
271 Lockhart Ave,0,0
27 torneo selis 24/27 aprile 2023,0,0
28 Black Truck 2023 Fall,0,0
290124,0,0
29 Black True 2023 Fall,0,0
2 de mayo,0,0
2. Herren,0,0
2K Sports,0,0
2MBS,0,0
2nd XI Football,0,0
2pa2 club,0,0
2 regional SKL,0,0
2 Sporti,0,0
3,0,0
3,0,0
3,0,0
3,0,0
301 Elite Girls,0,0
30a bears,0,0
30na_a,0,0
310724,0,0
31 Beaumont Drive,0,0
+32 494 22 23 20,0,0
+33 6 76 75 04 24,0,0
33fff,0,0
360 development centre,0,0
360 Soccer Centre,0,0
380 FC,0,0
3920152,0,0
+39 328 623 0951,0,0
3.B FC SÃ¼derelbe,0,0
3&D,0,0
3d DO NOT USE,0,0
3de amateur 2023/2024,0,0
3-D Edge,0,0
3-D Edge,0,0
3-D Edge,0,0
3 & D Hoops,0,0
3D Maryland 2027,0,0
3d Maryland 2028,0,0
3D New England,0,0
3DP,0,0
3d Red 2029,0,0
3fc,0,0
3Lions FC,0,0
3RSC B06 Black,0,0
3rsc B09,0,0
3 Sporti,0,0
3STEP,0,0
3Step - Parent Account,0,0
3VFA,0,0
4,0,0
4,0,0
4,0,0
402 DA,0,0
402da 09 girls Tea,0,0
433,0,0
433 football acdemy,0,0
+44 7777 637614,0,0
+45 27 50 37 13,0,0
45 Asquith fc,0,0
+46 73 530 02 56,0,0
+46 73 530 02 56,0,0
+46 73 530 02 56,0,0
+46 73 530 02 56,0,0
+4795246225,0,0
480 Elite,0,0
+49 163 2329822,0,0
+49 176 81183048,0,0
49er United,0,0
4CORNERSPORT,0,0
4DP,0,0
4Fun,0,0
4ORWARD 2#,0,0
4 Rowley Drive,0,0
4 Sporti,0,0
4TH QUARTER MENTALITY,0,0
5,0,0
5,0,0
5,0,0
5250371,0,0
+5511960314090,0,0
Adam,0,0
5-a-side,0,0
5DP,0,0
5g54,0,0
5 Rivers,0,0
5th grade Bruins Youth Football-Fowler,0,0
5th Harrison White,0,0
6,0,0
+61 447 777 092,0,0
61751 David Road,0,0
64&Co,0,0
68 Duthie Street,0,0
6DP,0,0
6ixers,0,0
6 NOVEMBRE,0,0
Sixers,0,0
6th form,0,0
7,0,0
7,0,0
&/â‚©::7,0,0
76 Gayville Road,0,0
7DP,0,0
7 elite,0,0
7 Elite,0,0
7 Elite Academy 2011B,0,0
7Elite Academy,0,0
7-elite,0,0
7Gs,0,0
7 hills,0,0
8,0,0
801 Tribe,0,0
808 Development,0,0
808 SIMON,0,0
816 SFC,0,0
824 Warwick Rd,0,0
84 Kirkby Road,0,0
89youth Wyatt,0,0
8DP,0,0
8K Solutions,0,0
8 sunset rod,0,0
9,0,0
90+,0,0
911 flag football,0,0
911 flag football,0,0
911 flag football,0,0
911 flag football,0,0
911 flag football,0,0
91 machine,0,0
940 Elite,0,0
956 United,0,0
965245,0,0
9910 Brandy Rose St.,0,0
99FC,0,0
9DP,0,0
9ijv3wp9toijgjjm,0,0
a,0,0
a,0,0
a,0,0
a,0,0
a,0,0
a,0,0
a,0,0
a,0,0
a,0,0
a,0,0
a,0,0
a,0,0
a,0,0
a,0,0
a,0,0
a,0,0
a,0,0
a,0,0
a,0,0
a,0,0
A,0,0
A,0,0
A,0,0
D,0,0
A,0,0
A,0,0
A,0,0
A,0,0
NÃ¸rre Ã…by efterskole,0,0
A,0,0
A,0,0
A,0,0
A,0,0
A,0,0
A,0,0
A,0,0
A,0,0
South Gloucestershire,0,0
A,0,0
A,0,0
A,0,0
A,0,0
A,0,0
A,0,0
A,0,0
A,0,0
A,0,0
A,0,0
A,0,0
A,0,0
A,0,0
A,0,0
A,0,0
A,0,0
A,0,0
ì¶•êµ¬ì˜ ì‹ (A),0,0
Ã¥,0,0
A0P0K,0,0
A0PCF,0,0
A1AGJ,0,0
A1AXX,0,0
A1MADFINISHING,0,0
A27,0,0
A27,0,0
A27,0,0
A27,0,0
A27,0,0
A2B22,0,0
A2C,0,0
A2C 2,0,0
A2S Celje,0,0
A3,0,0
A3FQH,0,0
A3,0,0
A3 Soccer,0,0
A3 Sunderland,0,0
aa,0,0
Dover Athletic Youth Team,0,0
aa,0,0
Aa,0,0
Aa,0,0
AA,0,0
AA,0,0
aaa,0,0
WLFC,0,0
aaa,0,0
aaa,0,0
aaa,0,0
aaa,0,0
Aaa,0,0
Aaa,0,0
Aaaaaaa,0,0
Aaa,0,0
Aaa,0,0
AAA,0,0
AAA,0,0
AAA,0,0
Aaaa,0,0
aaaaa,0,0
Aaaaa,0,0
Aaaaa,0,0
Aaaaa,0,0
aaaaaa,0,0
aaaaaaa,0,0
AAA Blue,0,0
AaB,0,0
AaB,0,0
AaB 89ers,0,0
AaB Akademiet,0,0
Aabenraa,0,0
Aabenraa Boldklub,0,0
Aabenraa Boldklub,0,0
Aabenraa Boldklub,0,0
Aabk ClubHouse,0,0
Aabybro,0,0
Aabybro,0,0
Aabybro HK,0,0
Aabybro hk,0,0
Aabybro Hk,0,0
Aabybro HK,0,0
Aabybro HK,0,0
Aabybro IF,0,0
AabyhÃ¸j,0,0
AabyhÃ¸j IF,0,0
AAC academy Oficial,0,0
AA Coach,0,0
AAC Rugby,0,0
AAC Rugby - hardware,0,0
AaFK Fortuna,0,0
AAFK Fortuna,0,0
Aakanden G.F.,0,0
Aala,0,0
Aab,0,0
Aalborg bk,0,0
AaB,0,0
Aalborg boldklub,0,0
Aab,0,0
AaB,0,0
Aalborg Chang,0,0
Aalborg Freja,0,0
Aali Fc,0,0
Aali FC,0,0
Aaliyah Fans,0,0
Eendracht Aalst,0,0
Aalst,0,0
A Alumni,0,0
Aapo,0,0
Aarhus 1900,0,0
1900,0,0
Aarhus efterskole,0,0
Aarhus efterskole,0,0
AFDK,0,0
Aarhus gymnastikforening,0,0
AGF,0,0
aarhus viby if,0,0
Aaron,0,0
Aaron,0,0
Aaron Dick_test,0,0
Aaron Hemler,0,0
Aarschot,0,0
Aarschot,0,0
Aarslev BK,0,0
Aarslev Boldklub,0,0
AASI,0,0
AA Sports,0,0
aas sarcelles,0,0
AAS Sarcelles,0,0
AAS Sarcelles,0,0
AASS FOOTBALL,0,0
AA Strathfield A Div 10 2024,0,0
AAU Basketball,0,0
ab,0,0
Ab,0,0
AB,0,0
AB,0,0
AB,0,0
AB,0,0
AB,0,0
AB,0,0
A B,0,0
AB7,0,0
AB7,0,0
ABAB,0,0
AB AB U14,0,0
ABAC Soccer,0,0
ABBARETZ SAFFRE FOOTBALL CLUB,0,0
Abbd,0,0
Abbe,0,0
Abbeyfeale RFC,0,0
Abbeyfeale united fc,0,0
Abbey Rangers,0,0
Abbey Rangers FC,0,0
Abbey Rangers minor 24,0,0
Abbey youth,0,0
Abbey Youth FC,0,0
Abbey Youth Jaguars,0,0
Abbotsford JFC,0,0
abby...,0,0
abc,0,0
abc,0,0
abc,0,0
abcc,0,0
Abc,0,0
Abc,0,0
Pennsauken Youth Soccer Club,0,0
Abc,0,0
Abc,0,0
Abc,0,0
Ascot,0,0
ABC,0,0
Aaaaa,0,0
ABC,0,0
ABC,0,0
ABC,0,0
ABC,0,0
ABC,0,0
ABC,0,0
ABC Base Futbol,0,0
Baldos FuÃŸball Schule,0,0
North Mississauga,0,0
ABC,0,0
abcde football,0,0
Z,0,0
ABC Verhelst Fiduciaire BV - SportsAdvice,0,0
ABC YA,0,0
Abdallah Sumrein,0,0
Abdelah,0,0
Abdi,0,0
Bk2020,0,0
Abdulhanan ZikroullahğŸ‡¦ğŸ‡«ğŸ‡¦ğŸ‡«,0,0
Murtazaa,0,0
abdul kirli,0,0
abdullah,0,0
Abdullah Mubarak Kaif,0,0
abdulla qht,0,0
Hudiksvall,0,0
Abudi suleiman,0,0
VSK,0,0
abe,0,0
ABECAT OUVIDORENSE,0,0
ABECAT OUVIDORENSE,0,0
Abekat,0,0
abel,0,0
Aberaeron,0,0
Aberavon schools,0,0
abercrombie,0,0
Abercwmboi rfc,0,0
Abercynon,0,0
Abercynon RFC,0,0
Aberdare Town FC,0,0
Aberdare,0,0
aberdeen,0,0
Aberdeen,0,0
Aberdeen,0,0
Abergavenny Town,0,0
Abergavenny Town FC,0,0
Abergavenny u19s,0,0
Abergele,0,0
Abergele,0,0
Abergele,0,0
Abernacky FC,0,0
Abernathy FC,0,0
Belles,0,0
AberBG,0,0
Aber Valley FC,0,0
AUMR,0,0
Abetxuko,0,0
Andrezieux,0,0
ABG,0,0
Abgladsaxe,0,0
AB Gladsaxe,0,0
AB Gladsaxe,0,0
ABHA CLUB,0,0
ABHA CLUB - 1st Team,0,0
Abhi,0,0
Abi,0,0
Chipstead,0,0
Abilene High Soccer,0,0
Abingdon School,0,0
Abingdon Utd U18 23/24,0,0
abington friends,0,0
Abington Highschool,0,0
Abington Soccer Club,0,0
Abby,0,0
abk,0,0
Abk/vif herr,0,0
ABM FOOT ACADEMY,0,0
ABM GROUP,0,0
ABNH AZTEC NH 2008 BOYS RED,0,0
Bopp,0,0
Ã…bo vlub de futbol,0,0
AB Owls,0,0
Arno,0,0
abraham darby school,0,0
ABRFC U15,0,0
schonnebeck,0,0
Absolut FC,0,0
Ab spexard,0,0
abt,0,0
ABT,0,0
Abt,0,0
Abtenau,0,0
Abtenau,0,0
abu,0,0
AB U15 AB,0,0
Abu Dhabi Harlequins,0,0
Abu,0,0
Ã…by,0,0
Ã…byhÃ¸j,0,0
Ã¥byhÃ¸j basket,0,0
"Ã…byhÃ¸j if,youth",0,0
Coasters,0,0
Ac,0,0
AcãƒŸãƒ©ãƒ³,0,0
AC,0,0
AC3rush,0,0
Plymouth Argyle academy,0,0
ACA,0,0
AC. A Blanco Y Negro,0,0
Acacac,0,0
Acacia RIdge FC,0,0
Academia,0,0
Academia Atletico de Madrid Panama,0,0
Academia de fotbal Radu Rebeja,0,0
Academia de Fotbal Radu Rebeja,0,0
"Academia de Fotbal ""U"" Cluj-Luceafarul",0,0
Viitorul cluj,0,0
academia deportivo cali,0,0
Academia Deportivo Cali Doral U14,0,0
Academia de Venice Beach Football Club,0,0
Academia DunÄƒrea,0,0
Academia germana,0,0
ACADEMIA GERMANA DE FOTBAL,0,0
ACADEMIA LA RAMBLA,0,0
Academia MCR Udinese Romania,0,0
Academia mÃ©todo Coira,0,0
Academia MÃ©todo Coira,0,0
Academia politehnica iasi,0,0
Academia Quintana,0,0
Academia Radu Rebeja,0,0
Academia Radu Rebeja,0,0
Academia Radu Rebeja,0,0
Academia Radu Rebeja,0,0
Academia Radu Rebeja,0,0
Academia tigres Arkansas,0,0
Tiki-Taki,0,0
Academia Viitorul Cluj,0,0
Academic PROTRAINING,0,0
Academic PROTRAINING,0,0
Academic PROTRAINING,0,0
Academics,0,0
ACADEMIE,0,0
FC Mantois,0,0
AFN,0,0
ACADÃ‰MIE FOOTBALL PARIS,0,0
Academie Internationale de football Michel Hidalgo,0,0
AcadÃ©mie jeunesse molenbeek,0,0
AcadÃ©mie KPC,0,0
AcadÃ©mie OJCY,0,0
Academy,0,0
Academy,0,0
Academy,0,0
Academy,0,0
A3,0,0
Academy Fiorente,0,0
Academy Girls soccer,0,0
Academy L' aquila 1927,0,0
Academy Lokomotiv Plovdiv,0,0
AHN,0,0
Academy of the New Church Girls Lacrosse,0,0
Academy one reds,0,0
Academy,0,0
Academy,0,0
Academy Soccer,0,0
Academy,0,0
Acadiana Lady Rams,0,0
Rams,0,0
Axemen/Axewomen,0,0
AC Alpha,0,0
AC Alpha,0,0
Ac Alpha Academy,0,0
Ac Amager,0,0
AC Amager,0,0
AC Amager Academy,0,0
Ac Amager u15,0,0
AC amiens,0,0
acas,0,0
acasemia germana,0,0
ACATEC,0,0
Acatec Spain,0,0
Acate EspaÃ±a,0,0
ACBB,0,0
ACBB,0,0
acbb rugby,0,0
Ac Boulogne Billancourt,0,0
Ac Boulogne-Billancourt,0,0
Ac brea,0,0
Ac Brea,0,0
AC brea,0,0
AC brea,0,0
AC Brea,0,0
AC Brea,0,0
AC Brea,0,0
AC Brea,0,0
AC Brea,0,0
AC BREA,0,0
AC Brea B07,0,0
AC Brea B08,0,0
AC Buk,0,0
Accademia Borgomanero,0,0
ACC,0,0
AC.Caminha,0,0
Il Capostrada,0,0
AC Caractel,0,0
AC Carlet,0,0
ACC eagels,0,0
Access to Music Ltd,0,0
Access sport,0,0
Ac chapelain,0,0
Accies,0,0
Ac colts,0,0
Ac colts black,0,0
AC Connecticut,0,0
AC Connecticut,0,0
PHOBIA,0,0
ACCRA NEW ERA FC,0,0
Accra New Era FC,0,0
Accrington,0,0
Accrington stanley,0,0
Accrington Stanley,0,0
Accrington Stanley,0,0
Stanley,0,0
Accrington Stanley,0,0
ACCS Football,0,0
ACCS Girls Soccer,0,0
ACCYSSSSS YS,0,0
A.C.D. ALBA BORGO ROMA,0,0
A.C.D. ALBA BORGO ROMA,0,0
ACD A Seca,0,0
ACD A SECA,0,0
AC DELRAY RUSH,0,0
AC Del sol,0,0
ACD Ghedi 1978,0,0
AC Dillen,0,0
ACDMY G2014-15,0,0
ACD PortomansuÃ¨,0,0
ACD PortomansuÃ¨,0,0
Acd Pro Dronero,0,0
ACD Valsugana,0,0
ACE,0,0
Ace af Obbola,0,0
AAYSA,0,0
ACE Futbol Academy,0,0
aces,0,0
Aces,0,0
Aces,0,0
ACES Football Academy,0,0
ACE soccer,0,0
Ace Valencia,0,0
ACFC,0,0
ACFC,0,0
ACFC N-2,0,0
Acff,0,0
Arbitre assistant amateur,0,0
Acff pÃ´le Ã©lite,0,0
ACF St. Pauls,0,0
AC Global,0,0
AC.gloria,0,0
Achel VV,0,0
Achilles,0,0
Achilles,0,0
Achillesâ€™12,0,0
Achilles Enschede,0,0
Achilles Enschede,0,0
Achilles Enschede,0,0
DC United Academy,0,0
Achilles FC,0,0
Achilles o14,0,0
Achilles/pfa,0,0
Achilles veen,0,0
Achillies Lions FC,0,0
ACHIRONAS ONISILLOS,0,0
AC horsens,0,0
AC Horsens,0,0
AC Houston Sur,0,0
AC Inspire,0,0
ACJC,0,0
Acklam RUFC,0,0
Acklam rugby union,0,0
Ac Kvarnby,0,0
Ackworth School,0,0
A CL,0,0
AC Leon,0,0
AC LEON,0,0
AC LEON VEO3 - To be deleted,0,0
Ac le Roeulx/alhant sports,0,0
Ac le Roeulx/alhant sports,0,0
Ac le Roeulx/alhant sports,0,0
AC Lodrino,0,0
AC LosBanos,0,0
Ac los baÃ±os 09w,0,0
ACM,0,0
ACM,0,0
ACM,0,0
Ac Malcesine,0,0
AC Marin,0,0
Ac Marin 11/12,0,0
Ac milan,0,0
Ac Milan,0,0
AC milan,0,0
AC Milan,0,0
AC Milan,0,0
ACMILAN,0,0
Ac milan,0,0
ac morrone,0,0
AC Omonia Youth,0,0
Aco/ols,0,0
A.C. OSPITALETTO,0,0
A.C. OSPITALETTO,0,0
AC Palazzolo 1913,0,0
Ac.Perugia,0,0
Perugia,0,0
Perugia,0,0
Perugia,0,0
Perugia,0,0
Perugia,0,0
AC Perugia,0,0
AC PERUGIA,0,0
Ac Perugia,0,0
Ac. Perugia calcio,0,0
Perugia Calcio,0,0
Perugia,0,0
AC Perugia International Project,0,0
AC Perugia,0,0
Ac Pink Panthers,0,0
ACP Knigjys,0,0
AC Potenza,0,0
ACP Tours,0,0
ACP Tours,0,0
Acqui,0,0
Acqui calcio,0,0
AC Raleigh,0,0
AC RENNES,0,0
Raiders,0,0
ACR FC,0,0
ACR First,0,0
ACR Ladies,0,0
Waves,0,0
Across The Waves Tigers,0,0
AC Rovers,0,0
Ac roves,0,0
ACR Resreve,0,0
ACR U14,0,0
ACR U15,0,0
ACR U7,0,0
AC S,0,0
S,0,0
ACS Cobham International School,0,0
A.C.S. Dan Dacian,0,0
ACS GOLDEN BOYS 2023 PAÈ˜CANI,0,0
ACS International School Egham,0,0
ACS KIDS TAMPA,0,0
Acs Kids Tampa Brasov,0,0
Acs Kids Tampa Brasov,0,0
ACS NORD Airsoft,0,0
CSO Filiasi,0,0
ACS PHOENIX TARGOVISTE,0,0
Acs Phoenix TÃ¢rgoviste,0,0
ACS Rapid,0,0
ACS Rugby Cluj Junior,0,0
ACS Targu Mures-Marosvasarhelyi Sport Egyesulet UP,0,0
Act,0,0
Act,0,0
Actief,0,0
Action,0,0
Action elite,0,0
Activate,0,0
Activation take 2,0,0
Active,0,0
active8,0,0
AA,0,0
Activia,0,0
ACT junior rugby,0,0
ACT JUNIOR RUGBY UNION,0,0
acton ealing whistlers,0,0
Actonians,0,0
Actonians,0,0
AC Toros,0,0
AC Toros,0,0
ACT Rugby,0,0
Actur pablo iglesias,0,0
Ac United,0,0
AC United,0,0
AC United,0,0
acv,0,0
Acv,0,0
Acv,0,0
ACV,0,0
ACV,0,0
ACV,0,0
Acv 23 2,0,0
Acv Assen,0,0
ACV Assen,0,0
Ac Vedene le pontet,0,0
AC Victor Hugo,0,0
acvo,0,0
Acxel,0,0
AC Zevio 1925,0,0
Ad,0,0
ADA,0,0
AD Adarve,0,0
Adairsville,0,0
AD Alameda,0,0
A.D. AlhÃ³ndiga,0,0
AD Almada,0,0
NykÃ¶pings BIS,0,0
Adam Adamczyk,0,0
ADAMA DIAO,0,0
Adam bensaria,0,0
Adam bensaria,0,0
Adam,0,0
Adam De Leon,0,0
Adames g11,0,0
adam gracia,0,0
Adam Heritage Referee,0,0
Adam Hurley,0,0
Est,0,0
Adamko,0,0
Magic,0,0
Adam,0,0
Sparta B06 Premier AN,0,0
Adamois,0,0
ADAMOIS,0,0
Atletico Gatineau,0,0
Adam,0,0
Adam,0,0
Adamâ€™s,0,0
Adam Schwab,0,0
adams club,0,0
Adams County Christian School,0,0
referee,0,0
Adam Somes Elite Training,0,0
Damian,0,0
Adamson,0,0
Adams State,0,0
Stevens,0,0
Adamstown junior football,0,0
Adamstown Rosebud,0,0
AHS Soccer,0,0
Adam Toniatti,0,0
Adam W,0,0
Adam Ward,0,0
Adam Welch,0,0
sehs,0,0
Adanstown,0,0
Adapt Academy Hoops,0,0
Adare,0,0
A.D. Arganda C.F.,0,0
Adarve,0,0
Adarve,0,0
ADA toledo Olivos,0,0
Adb,0,0
Adbb,0,0
Adc Abetxuko,0,0
ADC Abetxuko,0,0
Cala,0,0
A.D. Campillo,0,0
AD Campos,0,0
ADC Burscough and Wigan Latics,0,0
Riga,0,0
ADC Mario Rigamonti 2024-25,0,0
adc Mario Rigamonti 23-24,0,0
adc Mario Rigamonti 23/24,0,0
Adcosta luz,0,0
ADC REBORDELO,0,0
add,0,0
Addd,0,0
Addison,0,0
Force,0,0
Addison United Soccer Club,0,0
Addison United Soccer Club,0,0
Addison United Soccer Club,0,0
Charlwood U16 Synergy,0,0
Additional Games - Graeme,0,0
Ad dpo,0,0
Addy,0,0
Ade,0,0
Adedupe,0,0
Blue eagles,0,0
Blue Eagles,0,0
Adelaide Blue Eagles,0,0
Adelaide city,0,0
Adelaide City,0,0
Adelaide City,0,0
Adelaide City,0,0
Adelaide City,0,0
Adelade city fc,0,0
Adelaide City,0,0
Cobras,0,0
comets,0,0
Adelaide Comets,0,0
Adelaide Comets,0,0
Adelaide Comets's Youth,0,0
Adelaide Comets Womenâ€™s,0,0
Adelaide Croatian,0,0
Adelaide Croatia raiders,0,0
Adelaide Croatia Raiders,0,0
Raiders,0,0
Adelaide Elite,0,0
Hawks,0,0
Hawks,0,0
Adelaide Olympic,0,0
Cobras,0,0
aufc,0,0
Adelaide,0,0
Adelaide United,0,0
Adelaide United,0,0
Adelaide united,0,0
Adelaide United,0,0
AUFC,0,0
Adelaide University,0,0
Adelaide University,0,0
Adelaide University Gridiron Club,0,0
Adelaide University Gridiron Club,0,0
Uni,0,0
Adelaide Uni,0,0
Noel,0,0
Adelaide University Soccer Club,0,0
Adelaide University Soccer Club,0,0
Adelaide University Soccer Club,0,0
Victory,0,0
Adelaide Victory,0,0
Adelaide victory,0,0
Adel Comets,0,0
adele,0,0
Adelina,0,0
Adel Uni,0,0
Adem Yazidi,0,0
ADEPO Palomeras,0,0
ADEPT Fitness,0,0
AD Esperanza,0,0
AD Esperanza,0,0
Adey Tudors,0,0
ADF,0,0
Adf08,0,0
ADF Pachuca,0,0
Adhams,0,0
ADHD,0,0
Ad huracan,0,0
adidas,0,0
A3,0,0
Adidas Oklahoma Showcase 2020,0,0
Adidas Showcase Unclaimed Games,0,0
Adie,0,0
Adis Sabotic,0,0
AD Knights,0,0
Adlinton jfc,0,0
Oak Bay High School,0,0
jayandellie06@gmail.com,0,0
Admira,0,0
MKFC,0,0
Adnan Khan,0,0
AD Nervion,0,0
SK,0,0
Ado20,0,0
"ADO,20",0,0
ADOâ€™20,0,0
Ado'20 16-12-2024,0,0
ADO Den Haag,0,0
ADO,0,0
Adolfo da silva,0,0
Adolfsberg,0,0
Adolfsberg,0,0
Adolfsbergs IK,0,0
Adolfsbergs IK,0,0
Adolfsbergs IK,0,0
adonis,0,0
AD Ovarense,0,0
Adp,0,0
ADR Development,0,0
Adrenaline,0,0
Adrenaline Lacrosse,0,0
Adrian,0,0
Kev,0,0
Adrian,0,0
Addy,0,0
Adriana Gazdikova,0,0
WUFC,0,0
Adrian Bensley,0,0
Adrian Club House,0,0
Adrian College,0,0
Adrian,0,0
Hertha 03,0,0
Adrian Morales,0,0
GREATFIELDS,0,0
Cheminy,0,0
Adrian Solvoll,0,0
Adriel Marshalleck,0,0
adrien bourdon,0,0
Adrigole,0,0
ADRRS,0,0
ads,0,0
Ad Samouquense,0,0
AD San Juan,0,0
AD San Juan,0,0
AD. San Juan,0,0
Adsantamarta,0,0
A.D. Santa Marta.,0,0
AD Santa Marta,0,0
A.D. Siete Palmas,0,0
A.D. Sporting de Hortaleza,0,0
Aduen,0,0
Adults,0,0
adumim ashdod,0,0
Advanced,0,0
ABA,0,0
Advanced Baseball/Fastpitch,0,0
Advanced Soccer Training,0,0
Adversaires phases finales 23/24,0,0
AdversÃ¡rio,0,0
ADVNC,0,0
ADW,0,0
Adz,0,0
IA,0,0
Aegir FC,0,0
AEK,0,0
Aek athens,0,0
Aek boco,0,0
Aek b,0,0
AEK vs White Team,0,0
ael u 16,0,0
Ael,0,0
Ael,0,0
Ael,0,0
AEL,0,0
Ael kolosi,0,0
ael,0,0
Ael limassol,0,0
Ael limassol,0,0
Ael limassol,0,0
Ael Limassol,0,0
AEL LIMASSOL,0,0
AEL LIMASSOL,0,0
AEL LIMASSOL FOOTBALL ACADEMY,0,0
Ael u14,0,0
Ael u14,0,0
Ael u14,0,0
AEL U15,0,0
Ael youth,0,0
SOAD,0,0
A.e. Sant Gregori,0,0
Aesch,0,0
AE TÃ‰RMENS,0,0
Aev,0,0
Aez,0,0
AEZ,0,0
AF,0,0
sfadf,0,0
AFA,0,0
AFA Fillies Team Adrenaline,0,0
AFA MED,0,0
AFA MED,0,0
Afan nedd county,0,0
Afan nedd county,0,0
Afan United FC,0,0
AfA Olaine,0,0
afc,0,0
afc,0,0
afc,0,0
Bennie,0,0
Afc Amsterdam,0,0
AFC,0,0
AFC,0,0
AFC,0,0
AFC 16-2,0,0
AFC,0,0
AFC,0,0
AFC Amsterdam,0,0
AFC zat 2,0,0
AFC,0,0
AFC,0,0
AFC,0,0
AFC,0,0
AFC,0,0
AFC,0,0
Afc 16-1,0,0
afc 16-2,0,0
AFC 2012 G Laughley,0,0
AFC 2013B SCCL 1,0,0
Afcâ€™34,0,0
Afcâ€™34,0,0
Afca ajax,0,0
AFC Acorns,0,0
Ajax,0,0
Ajax,0,0
AFC Ajax,0,0
AFC ALLSTARS,0,0
AFC,0,0
AFC Amsterdam,0,0
AFC Amsterdam,0,0
AFC Amsterdam,0,0
AFC Amsterdam,0,0
Foxes,0,0
AFC Angered,0,0
Afc Ann Arbor,0,0
AFC Barwell,0,0
Afc,0,0
AFC Boots,0,0
AFC Bournemouth Community Sports Trust,0,0
AFC Bridgnorth,0,0
AFC Bridgnorth,0,0
AFC Burscough,0,0
AFC central south,0,0
AFC Chilton,0,0
AFC COMPIEGNE,0,0
Afc Creil u13,0,0
AFC Crewe,0,0
AFC Creweggg,0,0
AFC Crewe,0,0
AFC Crewe!!!,0,0
AFC Croydon,0,0
AFC Croydon Athletic,0,0
Afc Dronfield,0,0
Afc Dronfield clubhouse,0,0
AFC Dunstable,0,0
AFC Dunstable,0,0
AFC Dunstable,0,0
AFC Dunstable First Team,0,0
Creasey Park,0,0
AFC Dunstable Womans Team,0,0
Dws,0,0
Eagles,0,0
Eagles,0,0
AFC ECNL RL 08,0,0
afc eskilstuna,0,0
AFC,0,0
AFC Eskilstuna,0,0
Afc evere,0,0
AFC Evere,0,0
AFC Ewell,0,0
FALMOUTH TOWN,0,0
afc fÃ¤rfÃ¤lla,0,0
AFC fylde,0,0
AFC Fylde,0,0
AFC Fylde,0,0
Gnosall,0,0
AFC Gnosall (All),0,0
Afc Goring,0,0
Afc,0,0
AFC HEATHROW FC,0,0
AFC HERMANNSTADT,0,0
AFC Herts,0,0
AFC houghton magna,0,0
Afc humpolec,0,0
AFC Humpolec,0,0
AFC Humpolec,0,0
AFC Humpolec,0,0
AFC Humpolec,0,0
IJburg,0,0
AFC IJburg,0,0
AFC IJBURG,0,0
Afc jÃ¤rfÃ¤lla,0,0
Afc jÃ¤rfÃ¤lla,0,0
AFC JÃ¤rfÃ¤lla P08,0,0
Afc Kincardine,0,0
AFC Knowsley,0,0
afc lewisham,0,0
AFC LEWISHAM CIC,0,0
AFC Lightening,0,0
AFC Lightining,0,0
AFC lightning,0,0
AFC Lightning,0,0
AFC Lightning,0,0
AFC Lightning 10G DPL,0,0
AFC Liverpool,0,0
Afc Lytham,0,0
afc malmen,0,0
AFC Malmen,0,0
Metalul Buzau,0,0
AFC Minster,0,0
AFC Nasaa,0,0
AFC NovÃ© Mesto nad VÃ¡hom,0,0
AFC Oakley DO NOT USE,0,0
AF Compiegne,0,0
Afc pogmoor,0,0
AFC POGMOOR,0,0
AFC Pogmoor womans,0,0
AFC Pogmor,0,0
Afcporchester,0,0
Portchester,0,0
Afc portchester,0,0
AFC Portchester,0,0
AFC Portchester,0,0
AFC Portchester,0,0
AFC Portchester,0,0
Afc Portchester ladies,0,0
Afc Portchester under 18s,0,0
AFC quick,0,0
AFC Quick 1890,0,0
AFC Radlett,0,0
AFC,0,0
AFC Richmond,0,0
AFC Roscoe,0,0
AFC Royal Holloway,0,0
Afc Rushden & Diamonds Academy,0,0
AFC Rush Union,0,0
Solent,0,0
AFCS,0,0
Spinney,0,0
AFC Stanleyâ€™s reds,0,0
Afc Stoke,0,0
Stoneham,0,0
AFC Stoneham Owls,0,0
AFC Stoneham Wolves U11s,0,0
AFC Stoneham,0,0
Sudbury,0,0
Sudbury,0,0
AFC sudbury,0,0
AFC sudbury,0,0
AFC Sudbury,0,0
AFC Surrey,0,0
Telford,0,0
Telford,0,0
AFC Telford United u13â€™s,0,0
AFC Totton,0,0
AFC TOTTON,0,0
AFC Totton U13,0,0
AFC Uckfield Town,0,0
AFC Uckfield Town,0,0
AFC Uttara,0,0
Old V's,0,0
AFC WATTSTOWN,0,0
AFC Whitchurch,0,0
AFC Whyteleaf Women,0,0
Whyteleafe,0,0
AFCwillenhall cubs,0,0
AFC wimbledon,0,0
AFC Wimbledon,0,0
Afc wimbledon ladies,0,0
AFC Wimbledon,0,0
AFC Wimbledon ladies,0,0
AFC Wimbledon Loans,0,0
Afc Wimbledon U23's womens,0,0
AFC Winton,0,0
AFC Wisla Krakow London,0,0
AFC Wulfrunians,0,0
AFDA (Test),0,0
A Fearnley,0,0
AFF,0,0
Affc,0,0
Affori,0,0
Asv hh,0,0
07 Maroon,0,0
Afie Mohamed,0,0
afkeletis1@seznam.cz,0,0
AFL Cairns,0,0
Afp,0,0
Afp18,0,0
AFP paris 18,0,0
Afr,0,0
African warriors fc,0,0
Afriskaut,0,0
asd,0,0
AFS,0,0
Aft,0,0
After Porchester,0,0
Aftershock,0,0
AFU,0,0
AFU 09 ECNLR,0,0
Afu 2010 G sccl,0,0
AFUTBAL,0,0
Ag,0,0
Aga,0,0
A. Galil Golan girls,0,0
AGAME Soccer 2012 Team,0,0
Agawam High School,0,0
Agen,0,0
Agencia sin nombre,0,0
Agencia sin nombre,0,0
Argenta Oreana,0,0
agf,0,0
Agf,0,0
AGF,0,0
AGF,0,0
AGF,0,0
AGF,0,0
AGF,0,0
AGF,0,0
AGF,0,0
AGFA,0,0
AGF,0,0
Aggie rugby,0,0
A&MRugby,0,0
Aggie Rugby Club,0,0
Aggierugbyfc,0,0
Aggies FC,0,0
Aggies FC SF 09,0,0
Aghada,0,0
Aghada,0,0
Aghada,0,0
Aghyaran,0,0
Aghyaran St Davogs,0,0
AOAN,0,0
AG Lacrosse,0,0
Agneaux seniors,0,0
agnes,0,0
Agnes Football,0,0
Agnia sport,0,0
Agnia sport,0,0
Agnia sport,0,0
Agnia sport,0,0
Agnia sport,0,0
Agnieszka,0,0
AGONISTICA NEMBRESE 1913,0,0
Agost FC,0,0
Agovv,0,0
AG Personal training,0,0
Agrippina,0,0
Ags,0,0
AGSC,0,0
AGSC,0,0
agshots,0,0
agshotz,0,0
agshotz_,0,0
AGS Rugby,0,0
Aguilas CF,0,0
AGUILAS FC,0,0
Ãguilas Rugby Toledo,0,0
AgustÃ­n,0,0
El D,0,0
Agustinho Biepar,0,0
AH,0,0
Ahajlaja,0,0
AHFC 09G,0,0
Wolf AHFC Prem 2C,0,0
Ahlafors IF,0,0
AH Laupheim,0,0
ahli,0,0
Ahli youth,0,0
Ahly,0,0
Ahmad,0,0
Ahmad,0,0
Ahmadsadlah,0,0
Ahmad,0,0
Refs,0,0
Ahmed,0,0
GÃ¶teborg,0,0
Ahmed,0,0
ahmed abdirashid ahmed,0,0
Ahmed,0,0
ahmed mohsen,0,0
AhoMansikka,0,0
AHP,0,0
AHS,0,0
AHS,0,0
AHS Girls Lacrosse,0,0
AHS Girls Soccer,0,0
AHS Girls Soccer,0,0
AHTC,0,0
Ã…hus,0,0
Ã…hus HBK,0,0
Ã…hus HBK,0,0
Ã…hus,0,0
Ã…hus IF,0,0
Ã…hus IF,0,0
Ã…IF-J,0,0
AI,0,0
aia,0,0
AIA,0,0
AIA,0,0
AIA,0,0
AIA,0,0
AIA,0,0
AIA,0,0
AIA,0,0
Aia Vicenza,0,0
Aicha,0,0
AICHI PREFECTURAL MIYOSHI HIGH SCHOOL,0,0
AICHI PREFECTURAL MIYOSHI HIGH SCHOOL,0,0
AICHI PREFECTURAL MIYOSHI HIGH SCHOOL,0,0
AICHI PREFECTURAL MIYOSHI HIGH SCHOOL,0,0
Aidan,0,0
Aidan,0,0
Aidan Fc,0,0
Aidan games,0,0
Aidan,0,0
Aidan ray,0,0
St aidans,0,0
Aidanâ€™s Fan Club,0,0
Aiden,0,0
Aiden Basketball,0,0
AIESA,0,0
Ã…IFK,0,0
AIGLES FERTOIS,0,0
Aik,0,0
Aik,0,0
Aik,0,0
AIK,0,0
AIK,0,0
AIK 2012 Vit,0,0
AIK,0,0
AIK,0,0
AIK,0,0
AIK,0,0
AIK,0,0
AiK,0,0
AIK,0,0
AIK,0,0
AIK,0,0
AIK09,0,0
AIK,0,0
AIK,0,0
AIK FF,0,0
AIK FF F17,0,0
Aik,0,0
Aiko the goat,0,0
Aik P09USVART,0,0
AIK P11-u,0,0
AIK P13A,0,0
AIK Team 09,0,0
AIK U14,0,0
AIK U15,0,0
ail rousset,0,0
Ail Rousset,0,0
AIL ROUSSET BASKET CLUB HOUSE,0,0
Brimbank stallions,0,0
AIN SUD,0,0
Aiolikos,0,0
AIOLIKOS FC,0,0
AIR,0,0
Air bel,0,0
Airbus,0,0
airdrie,0,0
Airdrie,0,0
Airdrie,0,0
Airdrie 2009s,0,0
Airdrie 2010 Red,0,0
Airdrieonians community club 2012s,0,0
Airdrie Pumas 2009,0,0
Airdrie u18s,0,0
AÃ¯re le LIgnon,0,0
Air Force,0,0
Aishford,0,0
Aishling,0,0
Aisling annacotty,0,0
Aisling Annacotty,0,0
Aisling Annacotty,0,0
Aisling Annacotty,0,0
Aisling Annacotty AFC,0,0
Aisling Annacotty FC,0,0
Aisling,0,0
AISS,0,0
AIS school,0,0
Ã¤itis,0,0
Aix en Provence,0,0
aix fc,0,0
aix football club,0,0
Aix Football Club,0,0
Aix football club,0,0
AIX FC,0,0
Aix les bains,0,0
Aix les bains,0,0
Aizputes centrÄlais sporta klubss,0,0
A jamais les premiers,0,0
AJAuxerre,0,0
Ajax,0,0
Ajax,0,0
Ajax,0,0
Ajax,0,0
Ajax,0,0
Ajax,0,0
Ajax,0,0
Ajax,0,0
Ajax,0,0
Ajax,0,0
Ajax,0,0
Ajax,0,0
Ajax,0,0
Ajax Amsterdam,0,0
Ajax Bussum,0,0
Ajax FC,0,0
Ajax MLS Next 2011,0,0
Ajax O15,0,0
Ajax Premier,0,0
AJAX PREMIER,0,0
AJAX PREMIER,0,0
AJAX PREMIER,0,0
Ajax sarkkiranta,0,0
Ajax Sarkkiranta,0,0
Ajax Sarkkirsnta,0,0
Ajax SC,0,0
AJAX TAVROU,0,0
AJAXunited2013GGreen,0,0
Ajax united ajax 13 b academy,0,0
Ajax united ajax 13 b academy,0,0
Ajax United FC,0,0
Ajax United,0,0
Ajax united white 2919,0,0
Ajax Youth,0,0
AJB83,0,0
AJ Colline,0,0
AJDC LA MANCHA,0,0
"aj,fhs,",0,0
AJ FOOTBALL,0,0
Ajm,0,0
AJ Soccer,0,0
AJ Sports Academy,0,0
A J Thomson Ltd,0,0
A-jugend,0,0
A-Junioren,0,0
A-Junioren,0,0
ajuwa fa,0,0
AJ Wildcat Soccer,0,0
aksa,0,0
Akadeik,0,0
Akademia BiaÅ‚e OrÅ‚y Warszawa,0,0
Akademia Pilkarska Lechia Gdansk,0,0
Akademia PiÅ‚karska Lechia GdaÅ„sk,0,0
Akademia PiÅ‚karska Lechia GdaÅ„sk,0,0
Akademia PiÅ‚karska Lechia GdaÅ„sk,0,0
Akademia PiÅ‚karska Lechia GdaÅ„sk,0,0
Akademia PiÅ‚karska Warty PoznaÅ„,0,0
Akademia PiÅ‚karska Warty PoznaÅ„,0,0
Akademia PiÅ‚karskie PereÅ‚ki,0,0
AKADEMIA SPORTU ATLETA,0,0
FCB,0,0
AKA U16 Ã–FB,0,0
Akademija Rudi Hiti,0,0
Akademik,0,0
Akademik Svishtov,0,0
Akademik Svishtov,0,0
akademisk boldklub,0,0
AB,0,0
Akademisk Boldklub,0,0
Akademisk Boldklub,0,0
Akademisk Boldklub,0,0
Akademisk Boldklub,0,0
Akademisk Boldklub,0,0
Akademisk Boldklub,0,0
Akademisk Boldklub,0,0
Ã…karp IF,0,0
AKA,0,0
AKA,0,0
AKD Club,0,0
Akedemisk boldklub,0,0
John roan basaketball,0,0
Akenndy74,0,0
Roar,0,0
Ã…kersberga fc,0,0
AKFC,0,0
akidamy,0,0
Akim Issah,0,0
Ã…kra,0,0
AKRA Barberians Club de Rugby Alicante.,0,0
Ã…kra,0,0
Ã…kra,0,0
Ã…kra,0,0
Akras,0,0
Akritas chlorakas,0,0
Akron North Football,0,0
AK Rush,0,0
AK Rush,0,0
AK Rush,0,0
Akshshs,0,0
Aksla,0,0
Aksla IL,0,0
AK Test,0,0
Al5eimah,0,0
Alabama,0,0
Alabama fc,0,0
FC,0,0
Alabama FC,0,0
Alabama FC,0,0
Alabama FC,0,0
Alabama FC,0,0
alabama fc 09g ecnl,0,0
Alabama FC 2008 2008G,0,0
AFC Alabaster,0,0
Alabama FC Alabaster Girls Academy,0,0
Alabama FC/Birmingham United Soccer Association,0,0
AL FC East,0,0
Alabama FC ECNL 2012,0,0
AFC South 08 Boys,0,0
Alabama FC,0,0
Alabama menâ€™s rugby,0,0
Alabama mens rugby,0,0
Alabama Rugby,0,0
Alabama Rush,0,0
alabaster premier 08/09,0,0
ALADAR,0,0
Al ahli Egypt,0,0
Alahly,0,0
Al Ahly,0,0
Alain,0,0
Alain,0,0
Slammers,0,0
ALAIN CLUB,0,0
Al Ain,0,0
ALA Ironwood,0,0
Ã„lÃ¤ kÃ¤ytÃ¤,0,0
Alal,0,0
Alalanche,0,0
Alamance Christian,0,0
Alameda,0,0
Alameda de osuna EF juvenil A,0,0
Alameda Mesa Team,0,0
Alameda SC,0,0
Alameda SC 2024/2025,0,0
Alameda Soccer Club,0,0
Alameda Soccer Club,0,0
Alamein,0,0
alamo r,0,0
Alamos,0,0
Alan,0,0
Alan,0,0
Alan2w3,0,0
Alan Eskenazi,0,0
Alan FadljeviÄ‡,0,0
Lincoln City DS Active,0,0
Alan Qian,0,0
Alansr,0,0
Alarabi,0,0
AlArabi,0,0
Al Arabi,0,0
ALARABIA EDUCATIONAL ENTERPRISES,0,0
alarabi,0,0
Al Arabi,0,0
Al-Arabi Sports Club,0,0
Al Arabi under 14,0,0
Skarra,0,0
Alaska Rush,0,0
Alastair Kydd,0,0
Alattihad,0,0
Al Azhar Football Club,0,0
ALB,0,0
Albacarraia,0,0
Nick,0,0
Alba,0,0
Albania,0,0
JoÃ£o Victor,0,0
Alleycats,0,0
Albany creek Excelsior,0,0
Albany Creek Excelsior,0,0
Albany Creek Excelsior,0,0
ACE FC,0,0
PresidentAlbany Creek Excelsior FC,0,0
Albany Creek Excelsior Football Club,0,0
AC FEP,0,0
Albany Empire,0,0
Albany,0,0
Albany Football Club,0,0
Power,0,0
Albany Rush,0,0
albate,0,0
Al Batin Club,0,0
ALBERGA,0,0
Alberni Athletics Soccer Club,0,0
Alberta,0,0
Alberta,0,0
Alberta Soccer,0,0
alberta u18 field hockey,0,0
Blacktown Districts Soccer Football Association Bl,0,0
Albert Knows Recruiting,0,0
Alberto juveniles,0,0
Albert Serraz,0,0
Aif,0,0
AIF,0,0
Albertson Soccer Club,0,0
Albertson Soccer Club,0,0
Albertville High School,0,0
Sutton united,0,0
albion,0,0
Albion,0,0
Albion,0,0
albion,0,0
Albion SC,0,0
Albion,0,0
Albion,0,0
Albion,0,0
Albion,0,0
Albion,0,0
Albion,0,0
Albion,0,0
Ivy Soccer,0,0
Albion,0,0
Albion,0,0
Albion,0,0
Albion,0,0
Albion,0,0
Albion 08 south,0,0
Albion 09 EA,0,0
Albion 13s,0,0
Albion 2008 B - 2023/2024,0,0
Notts 08 team,0,0
Albion 2012 Academy,0,0
Albion av 2008 girls,0,0
Albion Boulder County,0,0
Albion Cup Spain 2024,0,0
Albion CV 2009G,0,0
Albion Denver black,0,0
Albion East 2014 Blue,0,0
albion FC,0,0
Albion FC,0,0
AlbionFcLasVegas 07 Dpl,0,0
Albion FC LV,0,0
Albion GA,0,0
AHFC,0,0
Albion Hurricanes FC,0,0
Albion,0,0
ALBION Hurricanes FC,0,0
AHFC 08 Primier C,0,0
AHFC 09G ECNL,0,0
Albion,0,0
Albion LA,0,0
Albion Las Vegas,0,0
Albion Las Vegas 09,0,0
AlbiÃ³n los Ãngeles,0,0
Albion Park Eagles,0,0
White eagles,0,0
White eagles,0,0
Albion Pre ECNL 13G,0,0
Albion - Pro Team,0,0
Albion riverside,0,0
Albion rovers,0,0
albion rovers FC,0,0
Albion,0,0
albion sc,0,0
Albion SC,0,0
Albion SC,0,0
Albion SC,0,0
AlbiÃ³n sc,0,0
AlbionSc Boulder,0,0
Albion SC CC 2008 Academy,0,0
Albion SC - CC B12 Academy,0,0
Albion SC Central Cal,0,0
Albion SC Central Valley G09,0,0
Albion SC CV G09 Academy,0,0
Albion Sc Hawaii,0,0
albion sc,0,0
ALBION SC HAWAII OH B13,0,0
Albion LV,0,0
Albion SC Las Vegas U16,0,0
Albion SC LV,0,0
Albion SC,0,0
Albion SC Merced,0,0
albion sc north,0,0
ALBION SC Riverside B12 EA,0,0
Albion SC San Diego,0,0
ALBION,0,0
Albion Sc Santa Ana,0,0
Albion sc sd,0,0
Albion,0,0
Albion Hawaii,0,0
Albion Southern MN,0,0
Albi,0,0
Alboraya udd,0,0
ACFCSA,0,0
Budaiya,0,0
Al Busaiteen,0,0
Alcanenense,0,0
Alcester RFC,0,0
Alcester RFC,0,0
AFC Alcester,0,0
Alcione,0,0
Alcione milano,0,0
Alcione Milano,0,0
Alc longvic,0,0
Alc Longvic,0,0
Alc Longvic,0,0
ALC Longvic,0,0
Alco,0,0
Alcoa High School,0,0
Alcoa soccer,0,0
Alcobendas cf,0,0
Alcorcon,0,0
Alcorcon,0,0
AlcorcÃ³n Juvenil A,0,0
aldahb,0,0
Al dahra fc,0,0
aldenham s chool,0,0
Aldenham School,0,0
Alder FC,0,0
Alder FC,0,0
Alder FC,0,0
Alder FC,0,0
Alder FC,0,0
Alder,0,0
Alderley Edge,0,0
Alderley Edge School for Girls,0,0
Aldershot boys and girls,0,0
Aldershot Town FC,0,0
Aldershot Town FC,0,0
aldershot town,0,0
Aldershot,0,0
Aldershot FC,0,0
Aldershot Town,0,0
AL Dhafra Sport Club,0,0
Aldin,0,0
Aldini,0,0
Aldini under 15,0,0
Aldo,0,0
Aldo,0,0
Aldro,0,0
ale,0,0
Alebrijes,0,0
Alegres,0,0
Alegria,0,0
Alegria FK,0,0
Alegria FK,0,0
Sevilla FC,0,0
Alejandro's Highlights,0,0
Aleks,0,0
Aleks,0,0
Aleksander,0,0
Alemania,0,0
Alemania FC,0,0
Alemannia Aachen,0,0
Alemannia aachen u15,0,0
Melb Knights,0,0
Alerio,0,0
Ale,0,0
Alessandro,0,0
Alessandro Formisano,0,0
Alessandro Randazzo,0,0
Alessio Pasquesi,0,0
Alessio,0,0
ALESVES,0,0
Al ethihad,0,0
Al Ethihad,0,0
Aletico Mansilles,0,0
Alets ik,0,0
A Level & GCSE Materials,0,0
A level pe,0,0
Alevin A,0,0
ALEVÃN B,0,0
Alex,0,0
Alex,0,0
Arbitros,0,0
Alex,0,0
Alex,0,0
Alex10,0,0
Alex,0,0
Alex,0,0
Harvey's Heroes,0,0
Alexander,0,0
Alex,0,0
Joachim,0,0
Alex,0,0
FC JUDENBURG,0,0
LIS,0,0
Alex,0,0
Alexander Christian Ltd,0,0
Alexander GonzÃ¡lez,0,0
Alexander High School,0,0
Stoppen G16,0,0
Alexander Oregon ChÃ¡vez,0,0
KNVB,0,0
GAIS,0,0
AP,0,0
Alexandra Park Youth,0,0
Alexandra rugby football club,0,0
Alexandria,0,0
Alexandria,0,0
Alexandria,0,0
Alexandria 66,0,0
Alexandria'66,0,0
Alexandria soccer association,0,0
ASA,0,0
ASA - Alexandria,0,0
ASA,0,0
ASA 04,0,0
Alexandria Soccer Association,0,0
Alexandria Soccer Association,0,0
Alexandria Soccer Association,0,0
Alexandria Soccer Assotiation,0,0
Alexandria tech,0,0
Alexandria Technical college,0,0
Alexandro,0,0
ALEXANDROS KILKIS K17,0,0
SCRL1O,0,0
Alex Bunbury Soccer Academy,0,0
Luton,0,0
Alex Demars,0,0
Alex duke,0,0
Alex,0,0
Alexey,0,0
Alexey Zotov,0,0
Alex Gibas,0,0
Alexia,0,0
Alexis Pion,0,0
Alexis Ryan,0,0
Alex Itin,0,0
Alex JerouÅ¡ek,0,0
alex jo,0,0
Alex,0,0
Alex Okorie,0,0
Alex Trabelsi,0,0
Alex williams,0,0
Alex Winder,0,0
alex wong,0,0
alex yau,0,0
Alf,0,0
Al Fath FC,0,0
ALFC,0,0
ALFC,0,0
Alf Trainingâ€™s,0,0
Alfie,0,0
Alfie Bracken,0,0
Alfie C,0,0
Alfie Jones,0,0
Alfletico,0,0
Jetsmark if,0,0
Alfred,0,0
Alfred State College,0,0
Alfred State College,0,0
Alfred State College,0,0
Alfred State College,0,0
Alfred State College,0,0
Ãlftanes,0,0
Ãlftanes,0,0
Alftanes KVK,0,0
Alfursan,0,0
Ã…lgÃ¥rd,0,0
Ã…lgÃ¥rd,0,0
Ã…lgÃ¥rd,0,0
Ã…lgÃ¥rd,0,0
Algermissen sv,0,0
Al gharrafa U13,0,0
Alghero,0,0
algoma,0,0
Algoma University,0,0
AU Mens Soccer,0,0
Alh,0,0
Alhaurin de la Torre CF,0,0
ALHIDD Club,0,0
al hidd sports club,0,0
Al hilal,0,0
Al hilal ( u16 ),0,0
Al hilal U17,0,0
Al hilal U18,0,0
merdja,0,0
Dog and Duck FC,0,0
Ali,0,0
Ali Analyse,0,0
Alianza,0,0
Alianza,0,0
Alianza Lima,0,0
Alianza Lima,0,0
Alianza petrolera,0,0
Alianza Petrolera Fc,0,0
Hi,0,0
Beckenham RFC,0,0
alicante city fc,0,0
Alicante city fc,0,0
Alicante Fc,0,0
Alicante Football academie,0,0
Alicante youth,0,0
Alice Johnson,0,0
Alice Lloyd,0,0
Alice Lloyd College Men's Soccer,0,0
Alicia Russo 2,0,0
ALICIA,0,0
Alieu Badjie,0,0
Ali Hakimi highlights,0,0
Ali Hood,0,0
AL IHSAAN SINGAPORE FC,0,0
Ali Ibrahim perosnal stat,0,0
Imran,0,0
Ali,0,0
Ali Mohammadali Maddi,0,0
Ali Mohammadali Maddi,0,0
AlingsÃ¥s City,0,0
AlingsÃ¥s KIK,0,0
Alintisar Club,0,0
Alintsra,0,0
Bellevue Rush,0,0
alis club wera,0,0
Alisina Hussaini,0,0
Dani,0,0
Alison,0,0
AYSO Milton,0,0
Aliston,0,0
Al-ittifag,0,0
Al Ittihad sc,0,0
Al Ittihad sc,0,0
Al Jazira Club Football Academy,0,0
alj,0,0
AMSG Elite,0,0
AlKhaldiya,0,0
AlKhaldiya Sport,0,0
AlKhaldiya,0,0
Al Kuwait club,0,0
Al Kuwait club,0,0
Al Kuwait club,0,0
Allaire Seniors,0,0
AL,0,0
All American,0,0
allan hancock college,0,0
allan hancock college soccer,0,0
Allatoona WLAX,0,0
All Blacks,0,0
All Blacks,0,0
All Blacks,0,0
Allderdice,0,0
Allegany-Limestone,0,0
Allegheny force,0,0
Allegiance FC 07B Arana,0,0
Allegiance FC,0,0
Alleman,0,0
Mill Park vs Clifton Hill,0,0
Allenatore2,0,0
Allenwood GFC,0,0
Allerheiligen,0,0
Allerheiligen,0,0
AllerÃ¸d,0,0
AllerÃ¸d FK,0,0
AllerÃ¸d fodbold klub,0,0
AllerÃ¸d fodbold klub,0,0
AllerÃ¸d Fodbold Klub,0,0
Allerton fc,0,0
Allestree Juniors Bnefica,0,0
Alleycats 08,0,0
Alleyn's Arrows,0,0
Allgemeiner Sport Club,0,0
All Hallows,0,0
Alliance 03,0,0
Alliance Academy Soccer,0,0
Alliance B2013,0,0
Alliance Cincinnati FC,0,0
Alliance Cincinnati SC,0,0
Alliance Cincinnati SC,0,0
Alliance Europe SA,0,0
alliance fc,0,0
Alliance FC,0,0
Alliance FC East,0,0
alliance fc wolfpack,0,0
Alliance football club,0,0
2014 AFC Girls,0,0
Alliance,0,0
Allied,0,0
Allievi serenissima,0,0
Allievi U17 Ciliverghe Calcio,0,0
Allievi under 16 Barona Sporting,0,0
All in,0,0
All-In Buford 2013,0,0
All India Football Federation,0,0
All India Football Federation,0,0
All India Football Federation,0,0
All-In FC Buford,0,0
All Lax,0,0
AllmÃ¤nna idrottsklubben,0,0
All Nation,0,0
Allo,0,0
Alloa Athletic u16s,0,0
Alloy Soccer club,0,0
All saints,0,0
All saints,0,0
All Saints,0,0
All saints OB,0,0
All Saints Toongabbie tigers,0,0
All Saints Toongabbie Tigers,0,0
AllscottFC,0,0
Allscott Heath,0,0
Allscott Heath FC,0,0
Allscott heath fc u16s,0,0
All Soccer,0,0
all star fc,0,0
Allstars,0,0
All stars,0,0
All stars,0,0
All Stars,0,0
Alltec FC,0,0
Blackburn Utd CFC 2011's,0,0
Allyson,0,0
ALM,0,0
Almaden FC,0,0
Almaden FC,0,0
AFC,0,0
Almaden Football club,0,0
Al marikhiya,0,0
Al markhiya,0,0
CESA,0,0
Almazan,0,0
Almere City,0,0
Almerimar UD,0,0
Almerimar UD,0,0
Almondsbury United,0,0
Almonsbury United u14,0,0
AL MOOJ,0,0
ALMS Modified Soccer,0,0
Almutairi,0,0
ALN,0,0
AL-Nahda FC,0,0
AL_NASER,0,0
AlNashama,0,0
Al nasr SC,0,0
Al Nassr Football Club,0,0
AlnÃ¶ IF,0,0
AloÃ±a Mendi,0,0
Alondras CF,0,0
Alonso high school,0,0
A LOT OF TRAVEL,0,0
Alpe Pipifine WC Verleih GmbH,0,0
Alpha,0,0
Alpha Dragons,0,0
AlphaForms,0,0
Alpha Forms,0,0
Alpha Forms,0,0
Alpha Lax,0,0
Alpha Lax 2029,0,0
Alpha soccer academy,0,0
Alpha Training Academy,0,0
alphense boys,0,0
Alphense boys,0,0
Alphense Boys,0,0
Alphense Boys,0,0
Alphense Boys,0,0
Alphinho,0,0
Alqueria del basket de VBC,0,0
Al-Raed,0,0
Alraed fc,0,0
Al Raed football club,0,0
Al Rayan Club,0,0
Al rayyan,0,0
Al rayyan,0,0
Al rayyan,0,0
Al Rayyan,0,0
Al_Rayyan,0,0
Al Rayyan SC,0,0
Already,0,0
Alresford RFC,0,0
ATYFC,0,0
Alritude,0,0
Al Riyadh,0,0
Al Rustaq,0,0
Al Rustaq,0,0
Al Rustaq,0,0
Al Rustaq,0,0
Al Rustaq,0,0
Al Rustaq,0,0
Al Rustaq,0,0
Al Rustaq,0,0
Al Rustaq,0,0
Al Rustaq,0,0
Al Rustaq,0,0
Al Rustaq,0,0
Al Rustaq,0,0
Al Rustaq,0,0
Al Rustaq,0,0
Al Rustaq,0,0
Al saad,0,0
Al saad,0,0
Al-Sadd,0,0
Alsager Town,0,0
Alsager Town FC,0,0
AlSanaS GmbH,0,0
ALS BESSE,0,0
Al's clubhouse,0,0
Alsenborn,0,0
Alsenborn,0,0
Al ShABAB Club,0,0
Al Shabab Sports Club,0,0
Al Shaeib FC,0,0
Al shamal sports club,0,0
Alsike F-10,0,0
Alsike IF,0,0
Alsike IF,0,0
Alsike IF,0,0
Alsike IF,0,0
Alsike IF,0,0
Alsike IF,0,0
Alstonville,0,0
Alt,0,0
Al Taawon c s Club,0,0
Alta ff,0,0
Alta High School,0,0
Ã„lta if,0,0
Ã„lta if,0,0
Ã„lta IF,0,0
Ã„lta IF,0,0
Ã„lta,0,0
Altan,0,0
Gunnislake,0,0
Altavista CF,0,0
Altheim,0,0
Althoff,0,0
Althoff Catholic High School,0,0
Althoff Catholic High School,0,0
ALti,0,0
altin,0,0
Alting,0,0
ALT - Nicht verwenden,0,0
Alto,0,0
Alton,0,0
Altona,0,0
Altona 93,0,0
Altona 93,0,0
Altona 93- Dassendorf,0,0
Altona 93 Meute,0,0
Altona city,0,0
Altona city,0,0
Altona,0,0
Altona City,0,0
Altona City Seniors,0,0
ACSC,0,0
Altona Gators,0,0
Altona magic,0,0
Magic,0,0
Altona Magic,0,0
Altona Niendorf,0,0
Altona north,0,0
Altona Roosters,0,0
Alton Youth,0,0
Alton Lions,0,0
Altoona,0,0
Alty,0,0
Altrincham Football Club,0,0
Altrincham Football Club,0,0
Altringham youth,0,0
Ula,0,0
Aluminij Nk U19,0,0
alumni,0,0
Alum Rock FC,0,0
Alun,0,0
Alva AFC,0,0
Ã„lvÃ¤ngens ik,0,0
Alvarado,0,0
Alvaro,0,0
Ãlvaro,0,0
Alvaro,0,0
Alvaro,0,0
Alvaro,0,0
alvechurch,0,0
Alvechurch,0,0
Alvechurch,0,0
Alvechurch EW,0,0
AlvechurchRR,0,0
Alvechurch,0,0
Alverchurch,0,0
Alverchurch u13 jh,0,0
alexis,0,0
Victor,0,0
AUFK,0,0
Alvik,0,0
Alvin,0,0
Ã„IK,0,0
Ã„lvsborg ff,0,0
Ã„FF,0,0
Ã„lvsborg FF,0,0
Ã„lvsborgs ff,0,0
Ã„lvsborgs FF,0,0
Ã„lvsby if,0,0
Ã„lvsjÃ¶,0,0
Ã„lvsjÃ¶,0,0
Ã„lvsjÃ¶ 2009,0,0
Ã„lvsjÃ¶,0,0
Ã„lvsjÃ¶ aik,0,0
Ã„lvsjÃ¶ AIK,0,0
Ã„lvsjÃ¶ AIK,0,0
Ã„lvsjÃ¶ AIK,0,0
Ã„lvsjÃ¶ AIK,0,0
Ã„lvsjÃ¶ AIK,0,0
Ã„lvsjÃ¶ AIK,0,0
Ã„lvsjÃ¶ dam,0,0
Ã„lvsjÃ¶ AIK,0,0
Ã„lvsjÃ¶ AIK f09,0,0
Ã„lvsjÃ¶ Aik FF,0,0
Ã„lvsjÃ¶ AIK FF,0,0
ALWAHADA,0,0
Al wahda fc,0,0
Al wasl,0,0
AL wasl club,0,0
Al Wasl Football Company LLC,0,0
always forward,0,0
Forward,0,0
Always Forward,0,0
Forward,0,0
alwildan,0,0
Alyarmouk U21,0,0
ALYSEO,0,0
Alyssa Cymbalista,0,0
mendham,0,0
Alzamora,0,0
Al-Zawraa SC,0,0
ALZIRA,0,0
Amaanah Lions B,0,0
TONI,0,0
ama,0,0
A27,0,0
Amaikak bat,0,0
Amaikak Bat,0,0
Amanah,0,0
Amanda,0,0
Dynamo,0,0
Amanda's Clubhouse,0,0
AmarAmar,0,0
Amare,0,0
Amarillo Rush,0,0
Amarillo rush girls u12,0,0
Amari Stewart,0,0
Amasus Shipping BV,0,0
Amateur,0,0
Amateursportclub Laugen,0,0
FC TIROL,0,0
Amatori,0,0
Amatoriunion,0,0
Amatorka MikoÅ‚ajki Pomorskie,0,0
AmaZulu FC Development,0,0
Ambassador,0,0
Ambassadors 2013 Boys,0,0
Ambassadors FC,0,0
Ambassadors FC,0,0
Ambassadors FC,0,0
Ambassadors FC,0,0
Ambassadors FC,0,0
Ambassadors,0,0
Ambassadors reserves,0,0
Ambelside Rugby,0,0
Amber cole,0,0
Amber,0,0
Football,0,0
Ambleside,0,0
Ambleside Athletic,0,0
Ambrose University,0,0
Am Buchholz 2,0,0
AMC Sport,0,0
Amecospa,0,0
Amelia,0,0
Amelia,0,0
Amelie,0,0
Amella,0,0
Amer,0,0
Amer Ahmady,0,0
amer,0,0
Amer,0,0
America de Cali,0,0
AmÃ©rica Internacional,0,0
AAoS,0,0
American Christian Academy,0,0
American eagle,0,0
American Falls High School,0,0
AIC,0,0
American international School of Lusaka,0,0
American school London,0,0
Scorpions,0,0
American School of London,0,0
American Sports Memories,0,0
American university,0,0
American university,0,0
American University,0,0
American Women's Soccer,0,0
AYSO United,0,0
Weston Select,0,0
AYSO United,0,0
Americas Futbol Club,0,0
Americas Futbol Club,0,0
Americas Futbol Club,0,0
Americas Soccer Academy,0,0
America united City,0,0
Amerique,0,0
A&C,0,0
Amersham,0,0
A&C,0,0
Amersham & Chiltern,0,0
Amersham & Chiltern,0,0
amersham hockey,0,0
Ames S.C.,0,0
Ames Soccer Club,0,0
AMEWSPECIAL FC,0,0
amg,0,0
Amg,0,0
AMHC,0,0
Amherst Ramblers,0,0
ACS Cormeillais,0,0
Amicale du Rugby Calaisien,0,0
AMICALE LOISIRS CASTILLONNES BASKET,0,0
Amicalement MJBF,0,0
ASL,0,0
AMICALE SPORTIVE VITRE,0,0
amicitia,0,0
Amicitia Viernheim,0,0
Amicitia,0,0
Amir,0,0
amiens sc,0,0
Amiens SC,0,0
Amigos,0,0
Babo,0,0
Amilly J3,0,0
if bÃ¶ljan,0,0
Amisa Soccer School Osaka,0,0
Amistad Sniace,0,0
AmitiÃ© fc,0,0
HRG u12,0,0
Amity / Noreaster,0,0
Amityville,0,0
Amityville middle school soccer,0,0
Amityville school soccer,0,0
Amjad,0,0
Am Maisel,0,0
Ã„mmÃ¤npelto,0,0
Amman sport,0,0
Amman Utd U15'S,0,0
Ammar,0,0
Ammar1210,0,0
Ammar,0,0
AMM FC,0,0
AmmitsbÃ¸l Egtved,0,0
AFC Eagles,0,0
Amora Futebol Clube - Futebol SAD (SUB19),0,0
Amoskeag Rugby Football Club,0,0
Ã¥motfors,0,0
Ã…motfors,0,0
Ã…motfors,0,0
Ã…motfors,0,0
Ã…motfors IF,0,0
PAOK FC,0,0
Amped,0,0
Amposta,0,0
Ampthill,0,0
Ampthill RUFC,0,0
Ampthill RUFC,0,0
Ampthill Rugby Club,0,0
Ampthill,0,0
Ampthill Rugby Club,0,0
Ampthill U16 G,0,0
Ampthil RUFC,0,0
Am Reis,0,0
A-MSC Preussen/Roter Stern,0,0
AMSG,0,0
AMSG FC Academy,0,0
AM Soccer,0,0
Am soccer girls,0,0
Amstelveen Heemraad,0,0
Afc,0,0
AFC,0,0
AFC,0,0
Afc za 2,0,0
AFC,0,0
AFC JO13-1,0,0
AFC Amsterdam,0,0
Amsterdamsche Football Club,0,0
amsterdamse football club,0,0
AFC,0,0
AUC,0,0
Amsvorde,0,0
