Club Name,Recordings,Country,Location,Phones,Emails,Websites,Facebook,Search Queries
Dunbar Rovers FC,666,Scotland,Dunbar,,,,,Dunbar Rovers FC Scotland contact phone email; Dunbar Rovers FC football club Scotland contact; Dunbar Rovers FC Scottish football contact
Dundee FC Academy,552,Scotland,Dundee,,,,,Dundee FC Academy Scotland contact phone email; Dundee FC Academy football club Scotland contact; Dundee FC Academy Scottish football contact
Johnstone Burgh FC,507,Scotland,Johnstone,,,,,Johnstone Burgh FC Scotland contact phone email; Johnstone Burgh FC football club Scotland contact; Johnstone Burgh FC Scottish football contact
DUNBAR,494,Scotland,Dunbar,,,,,DUNBAR Scotland contact phone email; DUNBAR football club Scotland contact; DUNBAR Scottish football contact
GUFC,456,Scotland,,,,,,GUFC Scotland contact phone email; GUFC football club Scotland contact; GUFC Scottish football contact
Boroughmuir Thistle FC,448,Scotland,Edinburgh,,,,,Boroughmuir Thistle FC Scotland contact phone email; Boroughmuir Thistle FC football club Scotland contact; Boroughmuir Thistle FC Scottish football contact
Basketballscotland,447,Scotland,,,,,,Basketballscotland Scotland contact phone email; Basketballscotland football club Scotland contact; Basketballscotland Scottish football contact
Leven VEO,425,Scotland,Leven,,,,,Leven VEO Scotland contact phone email; Leven VEO football club Scotland contact; Leven VEO Scottish football contact
Ayr United Football Academy,419,Scotland,Football academy,,,,,Ayr United Football Academy Scotland contact phone email; Ayr United Football Academy football club Scotland contact; Ayr United Football Academy Scottish football contact
Gartcairn,409,Scotland,Gartcairn,,,,,Gartcairn Scotland contact phone email; Gartcairn football club Scotland contact; Gartcairn Scottish football contact
Hamilton Accies,330,Scotland,Hamilton,,,,,Hamilton Accies Scotland contact phone email; Hamilton Accies football club Scotland contact; Hamilton Accies Scottish football contact
East Fife CFC,329,Scotland,East Fife,,,,,East Fife CFC Scotland contact phone email; East Fife CFC football club Scotland contact; East Fife CFC Scottish football contact
Jeanfield Swifts FC,258,Scotland,Perth,,,,,Jeanfield Swifts FC Scotland contact phone email; Jeanfield Swifts FC football club Scotland contact; Jeanfield Swifts FC Scottish football contact
Hearts,242,Scotland,Edinburgh,,,,,Hearts Scotland contact phone email; Hearts football club Scotland contact; Hearts Scottish football contact
Dalkeith Thistle CFC,232,Scotland,Dalkeith,,,,,Dalkeith Thistle CFC Scotland contact phone email; Dalkeith Thistle CFC football club Scotland contact; Dalkeith Thistle CFC Scottish football contact
Edinburgh South CFC,229,Scotland,Edinburgh,,,,,Edinburgh South CFC Scotland contact phone email; Edinburgh South CFC football club Scotland contact; Edinburgh South CFC Scottish football contact
Blantyre Celtic CFC,226,Scotland,Blantyre,,,,,Blantyre Celtic CFC Scotland contact phone email; Blantyre Celtic CFC football club Scotland contact; Blantyre Celtic CFC Scottish football contact
Albion Rovers FC,226,Scotland,,,,,,Albion Rovers FC Scotland contact phone email; Albion Rovers FC football club Scotland contact; Albion Rovers FC Scottish football contact
Cumbernauld Colts,225,Scotland,Cumbernauld,,,,,Cumbernauld Colts Scotland contact phone email; Cumbernauld Colts football club Scotland contact; Cumbernauld Colts Scottish football contact
Dundee Madsons,210,Scotland,Dundee,,,,,Dundee Madsons Scotland contact phone email; Dundee Madsons football club Scotland contact; Dundee Madsons Scottish football contact
