Club Name,Recordings,Teams,Activity_Score
Access Sport,2727,39,3117
Ambassadors FC,2400,41,2810
Sheffield United Academy,2483,4,2523
NEWARK FC,1936,43,2366
AGF,1838,6,1898
Fleetwood Town,1822,3,1852
Albion SC Las Vegas,1050,46,1510
Almaden Valley FC,1058,32,1378
ALBION SC Boulder County,1212,16,1372
The Dons,1115,16,1275
AS Laval,856,39,1246
Gomar,1227,0,1227
Academia Germana,1015,16,1175
㈱エフスリー,1164,0,1164
AFC Lightning,780,37,1150
Adamstown Rosebud Junior Football Club,1040,10,1140
AL AIN FC YOUTH ACADEMY,794,34,1134
3 & D Hoops,1059,7,1129
Ajax,933,19,1123
Älvsjö AIK,982,14,1122
ALBION SC San Diego,792,28,1072
AaB,996,5,1046
1G PERFORMANCE,960,7,1030
Rayo Vallecano,413,61,1023
City Sporting Club,720,29,1010
ALBION SC Hawaii,565,38,945
AAYSA,784,16,944
AC Horsens,860,8,940
Soccer Elite Academy,658,23,888
ABHA CLUB,587,29,877
AEL LIMASSOL,777,9,867
AEK,745,9,835
ALBION SC Riverside,549,27,819
AIRBUS UK BROUGHTON FC,630,18,810
0. TORNEOMANIA EYEBALL,601,18,781
AFC Sudbury,596,18,776
Alive King's Lynn Community Football,623,15,773
ALBION SC Nashville,568,20,768
Aisling Annacotty AFC,459,27,729
AC Connecticut,354,37,724
Ajax,479,24,719
Alinea Somos Uno,623,8,703
Tottenham Hotspur Football & Athletic CO. LTD,682,2,702
AC Sparta,678,2,698
AYSO Region 97,498,20,698
Albion,606,8,686
フウガドールすみだ,655,3,685
Altona Magic Soccer Club,508,16,668
AB Tårnby,483,18,663
Abinsay FC,589,6,649
Al Rayyan,532,11,642
UoB Sports,503,13,633
Alliance FC,510,11,620
AC Inspire,435,18,615
Alleycats,460,15,610
Aab af 1885,558,3,588
ACBB,427,16,587
Alhilal Club Company,554,3,584
AC Brea,348,23,578
Team Chang,541,3,571
AM,438,13,568
AFC Rushden & Diamonds,392,17,562
AFC Knowsley,226,33,556
Alameda Soccer Club,473,8,553
AaB kvinde/pige afd.,487,6,547
Accrington Stanley Football Club,413,13,543
Ames Soccer Club,300,24,540
サルパ,525,0,525
Allbrads,437,8,517
Agawam Basketball Association,354,16,514
.,451,6,511
Alicante Football Academy,491,2,511
Achilles Enschede,403,10,503
Rise,482,2,502
FC BACAU,383,11,493
Amman FC,340,15,490
ALBION CV,214,27,484
Alvarado FC,394,9,484
AFC Stoneham,419,6,479
AB,428,5,478
3D,386,9,476
Allstars,286,19,476
Right to Dream,433,4,473
Aggies FC,373,10,473
ACBB Rugby,355,11,465
801 Basketball,428,3,458
Alpine Strikers FC,314,14,454
AiSCOUT,225,22,445
Agawam Soccer Association,241,20,441
PFC. Slavia-1913 Sofia,340,10,440
180 Soccer,280,16,440
Abingdon,319,12,439
Achilles FC,296,13,426
AHFC,315,11,425
Aarhus Fremad,396,2,416
クーバー・コーチング・サッカースクール,324,9,414
Alianza Petrolera FC,284,13,414
Ajax United,382,3,412
Al Jazira Club Football Academy,272,14,412
Academia de Fotbal Radu Rebeja,332,8,412
009_SFレンタル_Kokushikan High School Soccer Club,411,0,411
AKS SMS ŁÓDŹ,368,4,408
Akademie FC Baník Ostrava,349,5,399
Allegheny Force,215,18,395
Albacete Balompié,303,9,393
Malahide United,372,2,392
Nea Salamina Athletic Club,319,7,389
1. FC Saarbrücken e.V.,318,7,388
AFC Pogmoor,188,20,388
AFC Ewell,206,18,386
Alaska Soccer,344,4,384
ALSportsVideo,333,5,383
AICJ高等学校,382,0,382
253 Lax,279,10,379
305 FC,358,2,378
AFC Whyteleafe Youth,225,15,375
Alpha Forms,334,4,374
Älvängens IK,284,9,374
SYC 2010 MLS-NEXT,344,3,374
LAUFA,332,4,372
ALBION SC Merced,351,2,371
Ajax SC,221,15,371
Älmhults IF,245,12,365
Amore Soccer,274,9,364
ARFC,153,21,363
AD ALCORCÓN,323,4,363
2014 and 2015 TFA,341,2,361
Alamein FC,307,5,357
Adam Wilkinson,286,7,356
AAC Eagles Chicago Soccer Academy,264,9,354
AGRUPACIÓN DEPORTIVA CRISTO REY OLEIROS,264,9,354
FF Jaro,254,10,354
Ajax,160,19,350
Ålgård Fotballklubb,278,7,348
AFC Bournemouth,266,8,346
テスト,326,2,346
Atlas fc,174,17,344
ALBION SC Portland,142,20,342
Allerød Fodbold Klub,250,9,340
Aalborg KFUM Fodbold,157,18,337
Turbine,286,5,336
AFGC,236,10,336
Ajax MPFC,176,16,336
Älta IF,274,6,334
A.C. TRENTO,252,8,332
ACNV soccer,240,9,330
ANSC,298,3,328
AMORA FC SAD,307,2,327
A.D. Sporting Hortaleza,147,18,327
Aiken Futbol Club,184,14,324
FC St. Pauls,251,7,321
ACQUI,240,8,320
ALBION SC Riverside,299,2,319
All Saints Toongabbie Tigers,167,15,317
AFC06,216,10,316
ALL4T,215,10,315
SKFS,294,2,314
7 Elite Academy,234,8,314
Alliance FC,153,16,313
1 click tj,260,5,310
Adelaide Hills Hawks,230,8,310
Huima,219,9,309
Alameda SC,259,5,309
AC CREMA 1908,308,0,308
スポーツクラブエストレラ,308,0,308
2013 Cedar Stars Bergen,277,3,307
1. FC Nürnberg,226,8,306
ALBION SC Central Cal,176,13,306
HedmanVeo2,265,4,305
ABS Bathmen,204,10,304
Aabybro HK,194,11,304
A3,273,3,303
Albate HF Calcio,211,9,301
ACSC,209,9,299
AFC Kingston Youth,217,8,297
Poli Aguadulce,196,10,296
ACS Cobham International School,115,18,295
Albertson Soccer Club,212,8,292
Aaron Rodriguez,252,4,292
Aldenham School,202,9,292
ALULA F.C,261,3,291
Aars HK,191,10,291
All Heart 2027,259,3,289
Ahn Cam,248,4,288
ABSA PR1,267,2,287
Åkarp IF,217,7,287
Alexandra Hills SHS,203,8,283
Fördervereins des 1.FC Magdeburg e. V.,261,2,281
AmaikaK Bat,260,2,280
*,200,8,280
Adelaide City,208,7,278
Älvsborg FF,177,10,277
A.L FOOTBALL,216,6,276
Ahmed,245,3,275
Aberystwyth Town FC,183,9,273
Academia Deportivo Cali USA,211,6,271
2024-2025,209,6,269
.,199,7,269
Addlestone F.C,108,16,268
AIX FC,176,9,266
AP Sokolow,216,5,266
AFC'34,135,13,265
AC Global,134,13,264
Alliance Football Club,232,3,262
ACEP,182,8,262
Albany Power,182,8,262
Altona East Phoenix SC,180,8,260
Accrington DC,197,6,257
All In FC,166,9,256
Coach Alex,226,3,256
Ambassadors,155,10,255
008_SFレンタル_野辺地西サッカー部,255,0,255
09 Girls,204,5,254
AbelTech Photography,233,2,253
AM Soccer Club,142,11,252
ASAR,169,8,249
ACP15 PARIS,158,9,248
Abidjan City FC 2,228,2,248
1. FC Magdeburg Frauen VEO1,208,4,248
3:23,217,3,247
ÅIFK,216,3,246
Agonistica,154,9,244
Cross City SC,134,11,244
AFC Corsham,132,11,242
ALBION SC CO GA,219,2,239
Aarup Boldklub Håndbold,159,8,239
1.FC Frankfurt - Nachwuchs,178,6,238
Albion (KM),218,2,238
ALBION SC Central Cal,197,4,237
Alpharetta Ambush Soccer Club,77,16,237
ADPT FC,216,2,236
A3 Soccer,156,8,236
2021 Super Y National Finals,95,14,235
ALBION SC Brooklyn,214,2,234
All-stars,134,10,234
Lok Leipzig,153,8,233
1°Dezembro Futebol SAD,213,2,233
AYSO United NM,169,6,229
AEK-BOCO FC,139,9,229
ADAMOIS O.,79,15,229
AFC Amsterdam,119,11,229
AHS,138,9,228
Amityville Soccer Club,187,4,227
AS VITRÉ,137,9,227
460 Lacrosse,177,5,227
Alameda SC,197,3,227
BS72,106,12,226
Alex Joslyn,156,7,226
Abbotsford Rugby,175,5,225
AFC Leyton,194,3,224
Al-Nassr FC,154,7,224
Amiro,223,0,223
Buds,173,5,223
AMSG,143,8,223
LFA,183,4,223
AF St Christian-B,190,3,220
Afturelding,110,11,220
ALBION SC Atlanta,129,9,219
Ajax,189,3,219
345 FC,146,7,216
All In 2027,185,3,215
Allerød FK,195,2,215
Åhus IF,134,8,214
Adidas Oklahoma Fall Showcase 21,213,0,213
AFC EAST,153,6,213
ALNÖ IF,153,6,213
Almaden FC,171,4,211
AFC Whyteleafe,191,2,211
AFL Queensland,161,5,211
Aars Idrætsklub,160,5,210
LEON,180,3,210
1. FK Příbram,189,2,209
956 United 8a,148,6,208
ActiveSG Football Academy,156,5,206
All Sport Ultras,184,2,204
Academy Gil Vicente FC Toronto Inc.,124,8,204
Åhus Horna BK,113,9,203
Picho,163,4,203
08 / 11 Teams,183,2,203
AFC,173,3,203
Aalborg Freja,111,9,201
AFC Portchester,180,2,200
1.FC Normannia Gmünd,150,5,200
ALI,140,6,200
Alabama FC,169,3,199
.,138,6,198
Albion,178,2,198
Toledo-Olivos,97,10,197
SEPSI OSK,146,5,196
Allegra Events,155,4,195
AFC,145,5,195
07 Vestur,104,9,194
ARFC,144,5,194
AFL,164,3,194
Cfr Cluj,113,8,193
Ameres Soccer Club,163,3,193
Ablope,162,3,192
1.FC Slovácko ženy,172,2,192
360 Soccer Centre,121,7,191
Bisi Veo,151,4,191
AGC Football,110,8,190
AFC Bolton,90,10,190
All-In FC TN,80,11,190
A.A.F.C,190,0,190
2010 Boys,139,5,189
4ORWARD PTY LTD,119,7,189
3V SPORTS,169,2,189
Akademie Kapfenberg,128,6,188
ALS FC,117,7,187
Alton RFC,107,8,187
Afc Andrews,85,10,185
Villa FC,104,8,184
Aaryav's Team,164,2,184
Albion,164,2,184
Ac cambrai,154,3,184
AHS,134,5,184
Akademia Pogoń Szczecin,104,8,184
AFRICA FOOT,143,4,183
2022 NorCal Spring College Showcase,183,0,183
AIK,152,3,182
91 Carolina,161,2,181
Academy Soccer Rawreth FC,101,8,181
Football,150,3,180
DELRAY RUSH,10,17,180
ACSI,129,5,179
Alboraya Unión Deportiva,126,5,176
AC Brea,155,2,175
Abingdon United,155,2,175
Academica SC,45,13,175
Basketball,155,2,175
Winterthur Warriors,114,6,174
Ahlafors IF,134,4,174
AHFC,154,2,174
Manly Allambie United,123,5,173
Nassau United FC,92,8,172
...,132,4,172
Alleghany,112,6,172
2010 Germantown Legends ECNL,151,2,171
AHFC,141,3,171
FC06,141,3,171
Alabama FC ECNL/RL,121,5,171
Oak Mountain Football & AFC 12B Pre ECNL South,150,2,170
Åkra,88,8,168
AC CARINA FC,138,3,168
A.F.C. Humpolec,127,4,167
805 FC,137,3,167
Alma Soccer,107,6,167
Adam Maidany,144,2,164
Ali Sabah,144,2,164
A3,114,5,164
Irish Soccer Club,103,6,163
AFC Gnosall,83,8,163
A27.,82,8,162
Epernon,141,2,161
Addox Howard,161,0,161
AFC Totton,101,6,161
Alameda,111,5,161
London Welsh RFC,130,3,160
AIGLES FERTOIS,80,8,160
AFC DWS,79,8,159
Coastal FC 2,118,4,158
All Teams,118,4,158
ADC Mario Rigamonti 2024-25,98,6,158
Accelerax,106,5,156
Allstars United SC,136,2,156
*,96,6,156
Allan Hancock College Soccer,116,4,156
1. FC Žamberk,116,4,156
Aberystwyth RFC,86,7,156
AFC Dunstable -,85,7,155
1. FC Spich 1911 e.V.,105,5,155
Adelaide Omonia Cobras FC,105,5,155
Älvsborg FF,105,5,155
Aldershot Town Football Club,135,2,155
Alpharetta,135,2,155
ALBION,64,9,154
Alleyn’s School,53,10,153
Aalborg Chang,101,5,151
Addison-Classics Elite,81,7,151
5v5 Soccer,111,4,151
1. FC Langen,100,5,150
ACS Kids Tampa Brasov,100,5,150
AFC,120,3,150
Alexandria Rugby,99,5,149
Amersham & Chiltern RFC,59,9,149
AC Bobigny 93 Rugby,69,8,149
AFC Amsterdam,49,10,149
AD Baiao,89,6,149
Alsace Rugby,108,4,148
Moaz FC,117,3,147
ハジャスフットボールアカデミー,147,0,147
4 Cantons BHAP,107,4,147
Reynaga,117,3,147
1st Bangor FC,97,5,147
ADCV,96,5,146
Alingsås IF,105,4,145
AE Sant Gregori,95,5,145
Alicia Russo,123,2,143
Aghada,53,9,143
Abergele Rugby Club,93,5,143
Alpha,93,5,143
Adams Family,123,2,143
4 Cam DSFC Clubhouse,73,7,143
AFC-Video,2,14,142
Ahmars Teams,102,4,142
AFC Rushden & Diamonds Academy,62,8,142
1. FC Eichsfeld,91,5,141
1 FC Lauchhau-Lauchäcker,71,7,141
AbraySports,121,2,141
adiLeague,20,12,140
AFU 06/07,119,2,139
ARFC,119,2,139
Academy Sports Analytic,59,8,139
AC Cougar Soccer,109,3,139
Alliance/Odessey,109,3,139
PERTH REDSTAR WOMEN BLACK,117,2,137
AYSO Region 120 Costa Mesa,87,5,137
3FCAcademy,87,5,137
Academy,97,4,137
AFUMG2023,116,2,136
AFC SOUTHGATE,36,10,136
026 FC,116,2,136
1.FFC Niederkirchen,86,5,136
ARQQOR,105,3,135
1. FC Donzdorf Frauen/Mädchen,95,4,135
1. FC Frankfurt,104,3,134
2023,104,3,134
St Luke’s,114,2,134
Allscott Heath FC,103,3,133
Albion SC Hawaii OA,103,3,133
ASD Falcons,103,3,133
All sport,92,4,132
Algonquin College Athletics Department,82,5,132
Academic Magnet High School,91,4,131
Across,131,0,131
リガール,131,0,131
Adelaide Jaguars,111,2,131
Lightning,130,0,130
21st Century Sports,0,13,130
Alviks IK,100,3,130
1 - Columbia High School Soccer - Boys,100,3,130
"(4G) O Elvas CAD, Futebol SAD",109,2,129
ACFF,99,3,129
AFA,89,4,129
Alboraya U.D. Alevin 'A',79,5,129
Aksla,58,7,128
Airdrieonians Community Club,48,8,128
Al Wahda FC,76,5,126
A&G ProSportGlobal,86,4,126
Amora Futebol Clube - Futebol SAD,106,2,126
Academy 3,76,5,126
ACHC,76,5,126
ASV Burglengenfeld,66,6,126
AC Seyssinet,105,2,125
FBC Reign,95,3,125
ÄIF fotboll,75,5,125
ATCC Legends Soccer,44,8,124
210 FC,84,4,124
Ada High School,84,4,124
Americas FC,84,4,124
1.FC Heinsberg-Lieck,74,5,124
ACVF,103,2,123
A.C. Mazzo Società Sportiva Dilettantistica a R.L,73,5,123
AEG,82,4,122
ACS Hillingdon International School,82,4,122
ABGFC,72,5,122
Allen Gaels,92,3,122
1. FC Mönchengladbach,92,3,122
Alphington Football Club,70,5,120
.,0,12,120
7EA,0,12,120
AFC Stoneham Ladies,80,4,120
Abbey Youth Football Club,70,5,120
2024/25 Phoenix Rising Season,80,4,120
Hernandez,89,3,119
Academia de Futbol Tocalli,49,7,119
"Albion Soccer Club Hawaii, Oahu",98,2,118
2021 GBA National Hoop Series IV,118,0,118
Albe FC,77,4,117
Acs cormeillais,67,5,117
Albertslund IF,97,2,117
サンフレッチェくにびきフットボールクラブ,117,0,117
ロッソサッカークラブ,117,0,117
Alcobendas Rugby,87,3,117
A.C.D. A Seca,66,5,116
ドルフィンフットボールクラブ,116,0,116
AFC Ulten,65,5,115
US Amputee Soccer,45,7,115
Albion SC,84,3,114
COACH AC SOCCER,114,0,114
AFC Uckfield Town,74,4,114
2012 Showcase,84,3,114
AIRFC,83,3,113
K NTOYNTOYKHS M ANASTASIADIS OE,73,4,113
A.D.C ABETXUKO,43,7,113
Abercynon RFC,63,5,113
AFC St. Martin·Moos,13,10,113
Aces Girls Lacrosse,53,6,113
ACA Soccer,83,3,113
Advanced Painting,112,0,112
Ac Soissons Rugby,62,5,112
Albion Las Vegas Memorial Cup,82,3,112
Amato,82,3,112
ASB,71,4,111
ASV Natz,81,3,111
Alabama FC,80,3,110
Alma Soccer,60,5,110
Åmotfors IF,60,5,110
Aberdeen Wanderers,39,7,109
Twins FC,79,3,109
Alloa Athletic FC,49,6,109
Alingsås KIK,79,3,109
Alan Moss,78,3,108
Alvesta GIF,78,3,108
AD Esperanza,58,5,108
Al Wasl Football Club,58,5,108
AFC Quick 1890,67,4,107
American Canyon,57,5,107
AD San Juan,57,5,107
Alton HC,66,4,106
Albyn School,76,3,106
特定非営利活動法人エストレーラフットボールクラブ,65,4,105
Akil Baker,105,0,105
Academy 2,65,4,105
Alzamora CF,65,4,105
ACcoaching,75,3,105
A.D. Santa Marta,54,5,104
1976,34,7,104
ALBION SC Southern Minnesota,44,6,104
07 Lady Eagles,84,2,104
Alpine Pinecrest,104,0,104
"adc ""Mario Rigamonti"" 2022-2023",53,5,103
Almerimar UD,53,5,103
Aireborough RUFC,43,6,103
Althoff Soccer,83,2,103
AC Palermo LA,102,0,102
Dawson,61,4,101
2011DPL Girls,81,2,101
ACADEMY LOKOMOTIV,51,5,101
AFC Walcountians,81,2,101
Aldwinians RUFC,101,0,101
2020 NBA Draft,41,6,101
Steamers,30,7,100
Aarslev Boldklub,0,10,100
AIF,0,10,100
Albury United Soccer Club,50,5,100
Alder FC,20,8,100
Adelaide,80,2,100
..,79,2,99
Alraed FC,59,4,99
ACD Macallesi 1927,49,5,99
515 Soccer Academy,69,3,99
Albion Park City Football Club,58,4,98
AD CALA POZUELO,48,5,98
Albion SC Chula Vista-Blanco,48,5,98
alarabi club,78,2,98
Aber Valley Wolves,68,3,98
AFC Bridgnorth Spartans,58,4,98
Alameda Soccer Club-Higgins Teams,46,5,96
abc,46,5,96
AYSO United Channel Islands,76,2,96
ALLEMAAL,56,4,96
Adventure Sports Academy,76,2,96
AMG CAM,75,2,95
A.C. ARDOR LAZZATE ASSOCIAZIONE SPORTIVA DILETTAN,45,5,95
Highlanders,74,2,94
Americans,64,3,94
AC DELRAY RUSH 2010 Boys,94,0,94
ALTA BRIANZA S.S.D. A R.L,44,5,94
Alliance,43,5,93
Warta Poznań,32,6,92
ALC Longvic,42,5,92
ABC Braník,42,5,92
AFC Totton,72,2,92
1. FC Kaiserslautern,51,4,91
Ammanford AFC,70,2,90
Academia Futbol Total,60,3,90
1. FC Mönchengladbach,70,2,90
Albion East,90,0,90
ACYSO,40,5,90
African Sport Training Academy,69,2,89
AD MALAKA CF,49,4,89
1. FC Monheim,59,3,89
Altrincham Grammar School For Boys,48,4,88
Pro Palazzolo,38,5,88
Abercarn Rugby Football Club,47,4,87
ALBION,67,2,87
AD COLEGIO SAN PRUDENCIO,36,5,86
1. FC Schweinfurt,56,3,86
AF VIROIS 23/24,36,5,86
1.FC-TSG Königstein,36,5,86
Amarillo,66,2,86
Altrincham hale fc,55,3,85
LIMITLESS SPORTS QATAR,65,2,85
1st Club House,64,2,84
Amberieu Bugey XV,34,5,84
Lady Braves,84,0,84
Albion Memorial Day Cup,84,0,84
Aakanden GF,44,4,84
AS ERMONT,53,3,83
AVRUFC,53,3,83
7 Elite Academy.,52,3,82
Alonso Ravens,62,2,82
Alliance FC,62,2,82
AaBK,51,3,81
FC Erlensee,81,0,81
AFC 2015b South,61,2,81
7th Grade Shadle Park Highlanders,61,2,81
Albion SCLV,41,4,81
Acklam Rugby Club,31,5,81
Aarhus Rugby Klub,60,2,80
1. FC Gievenbeck 1949 e.V.,80,0,80
Al Hilal,20,6,80
Alliance Cincinnati SC,20,6,80
ADP Action Limited,50,3,80
A Club,40,4,80
ALBION SC Hawaii,50,3,80
AFC Stoneham U9,50,3,80
Academia CAI,49,3,79
Albertson Soccer Club,59,2,79
Alianza,59,2,79
Abbey RFC,58,2,78
Alvechurch Football Club U11's,78,0,78
AFC Chilton,28,5,78
ユーロJスポーツアカデミー,78,0,78
Ain Sud,28,5,78
ARFC,48,3,78
Ailes Sportives Bouguenais - Reze Rugby,27,5,77
AAC academy 2,77,0,77
2011B,77,0,77
Abraham,57,2,77
Bama Rush,27,5,77
AC Rovers,47,3,77
Diamonds,26,5,76
Alkharaitiyat sport club,76,0,76
1. Göppinger SV,36,4,76
Ballinrobe Town AFC,36,4,76
Austin Maroons Boy's Lacrosse,46,3,76
Ligue Régionale Bourgogne Franche-Comté de Rugby,55,2,75
Alpha Utd Jnrs,25,5,75
Morrone,35,4,75
africheza,44,3,74
ACR,54,2,74
2006 Girls Showcase,44,3,74
2008 Boys,43,3,73
0690211331,23,5,73
Abraham Soumare,23,5,73
Altona Magic,73,0,73
Ambit10n Football Club,23,5,73
ALBION SC Los Anegels,53,2,73
Ladies,42,3,72
Aber,52,2,72
Ampleforth College Sport,52,2,72
Ahmet Atak,72,0,72
Lady Cardinal Soccer,52,2,72
AMSA,42,3,72
AHK,22,5,72
Aber Valley FC,51,2,71
Albury Thunder Juniors,51,2,71
Allegiant FC,21,5,71
JFC,71,0,71
AIESA,50,2,70
Adelaide Eagles Soccer Club,50,2,70
AB Tårnby,0,7,70
AFE,50,2,70
AFC,70,0,70
AFA Fillies,0,7,70
AIK Fotboll,0,7,70
MetroStars,40,3,70
Aberdeenshire Rugby Football Club,49,2,69
1.American Football Department,49,2,69
1. FFC Kaiserslautern,39,3,69
406 Lacrosse,38,3,68
AFC Oakley,28,4,68
2022,48,2,68
Acadiana,48,2,68
AGB,48,2,68
Aberystwyth RFC,18,5,68
Abington Youth Football,28,4,68
2Touch,68,0,68
Afan Lido FC,68,0,68
940 Elite,7,6,67
Albany Knickerbocker Rugby Club,47,2,67
AOFC,17,5,67
ail rousset,17,5,67
All Saints Boosters,17,5,67
1. FFC Hof,47,2,67
1. FC Rechberghausen,36,3,66
Allenwood,46,2,66
Alvdal IL,46,2,66
All-In FC Buford,35,3,65
Ad Ca la Guidó,14,5,64
Adelaide University Soccer Club,44,2,64
Ampo Ordizia,14,5,64
Alty,44,2,64
AIFZN,44,2,64
21916806128017,23,4,63
Accrington Wildcats,23,4,63
Alexandra Rugby Football Club,43,2,63
ADAMS COUNTY CHRISTIAN SCHOOL 24/25,33,3,63
Afc,33,3,63
Air Force Football Association,22,4,62
AHFC 05 ECRL 2U,42,2,62
1. FC Schwalmstadt,32,3,62
1. FC Bocholt,22,4,62
キングスユース,41,2,61
Amherst Soccer,21,4,61
1.FC Heinsberg-Lieck 24/25,31,3,61
Actonians LFC - Seniors,41,2,61
AKS Lytham,10,5,60
Adelaide Omonia Cobras FC Juniors,40,2,60
AS VERSON,30,3,60
Alvor United,30,3,60
AFC,30,3,60
23-24 Adams County Christian School,30,3,60
Alianza Petrolera,0,6,60
adouglass,0,6,60
Abbey Villa SC,10,5,60
FK Mladá Boleslav,0,6,60
AFC,0,6,60
Revolution FC,0,6,60
AIA-Tranbjerg,20,4,60
AFDA Leicester,60,0,60
Al Azhar Football Club,60,0,60
AM,0,6,60
Alabama Football Club 2013B,29,3,59
Almondsbury FC,19,4,59
Albion SC Boulder - Parents,29,3,59
AmpFutbol Polska,39,2,59
4 CUATRO DOIS,39,2,59
AAC Rugby - VC2,29,3,59
Alexandra Park Football Club,29,3,59
AL-ITTIFAQ FC,38,2,58
AC Marin,38,2,58
Abbeyfeale RFC,38,2,58
Alameda SC,38,2,58
Aabybro IF,8,5,58
A.C.D. ALBA BORGO ROMA,8,5,58
Across The Waves Football Club,27,3,57
Allen-Dallas,27,3,57
Amatorka Mikołajki Pomorskie,27,3,57
Aghadrumsee GAC,17,4,57
Abbotsford Soccer Association (ASA),16,4,56
afc willenhall cubs,56,0,56
Aghabog,26,3,56
ACS Rugby Cluj Junior,25,3,55
A-Aron Veo,35,2,55
ACADEMY ONE,4,5,54
AJX FC,24,3,54
A.C. Sporting Cecina 1929,13,4,53
2besecured facility Management GmbH,33,2,53
Asap,53,0,53
Advantage,13,4,53
1974 Newark FC,53,0,53
21867825319953,33,2,53
AJ ACADEMIES,33,2,53
Academy of Notre Dame,33,2,53
Ambassadors Football Club Peru,23,3,53
ACD Pinzolo Valrendena,3,5,53
Amsterdam Gencler Birligi,32,2,52
1. FC Passau,2,5,52
Scor,2,5,52
Alyssa,2,5,52
Academy 1,12,4,52
A3 Soccer,12,4,52
2011 CVPG,52,0,52
‘09 FUSION PAG,52,0,52
AC ARLES,2,5,52
Aghyaran,52,0,52
11 Analytiks,22,3,52
210FC,31,2,51
2013B FC Dallas Medina,31,2,51
AYSO595,11,4,51
Amateur FA,11,4,51
ASCA Rugby,51,0,51
Aberdeen Grammar RFC,21,3,51
Akron Armor,11,4,51
Adam Finney,0,5,50
Callie,20,3,50
Bobcats,30,2,50
14U - A - PCIM,30,2,50
1. FC Herzogenaurach e.V.,0,5,50
1.FC Kleve Jugendabteilung,0,5,50
1.Jugend-Fußball-Schule Köln e.V.,0,5,50
Aberdeen Lynx,0,5,50
Koul Sport,0,5,50
AIK Flickakademi,0,5,50
Airdrie FC,50,0,50
Allloa Rugby Club,19,3,49
AL IHSAAN FC,19,3,49
Adelaide Comets,29,2,49
Albion SC Silicon Valley (East Bay),29,2,49
Alresford Rugby Club.,18,3,48
ADVNC NorCAL,18,3,48
AHS Girls Soccer,27,2,47
Aldershot & Farnborough District Schools FA,47,0,47
8BY8 Football Ltd,17,3,47
Accrington Stanley Community Trust,46,0,46
APA Soccer,6,4,46
Allexton New parks magpies,46,0,46
ALBERTA SCHILDE VZW,26,2,46
Abington Soccer Club,26,2,46
2021 WYS Founders Cup,45,0,45
Academia Formativa Golden,15,3,45
All Hallows Catholic College,14,3,44
1. VEO Granit,24,2,44
Aaaaa,44,0,44
Aannemingsbedrijf Van der Meer B.V.,24,2,44
Abertysswg falcons,24,2,44
FV 1210 Wien,23,2,43
Alcalá del Río CF,3,4,43
4 State Hockey Club,23,2,43
Carmelo Dorta,13,3,43
Alejadnro,3,4,43
AAC Rugby - VC3,12,3,42
Adelaide Brasfoot Club,22,2,42
Mavver_2,2,4,42
Referee Amar,2,4,42
Altona magic,2,4,42
Almaden FC 2013B Green,2,4,42
Alfold,2,4,42
Camden tigers FC,2,4,42
Adamstown rosebuds,2,4,42
Wardy,2,4,42
Alex,2,4,42
Alfold,2,4,42
Ali,2,4,42
Ace,2,4,42
agawambasketballassocation,2,4,42
Hednesford town,2,4,42
lachy,2,4,42
Adam,2,4,42
Alexander,2,4,42
Acklam,2,4,42
AHA,2,4,42
Mingos,2,4,42
Lobos,2,4,42
.,2,4,42
2009 Stars White,42,0,42
Allerton FC,42,0,42
ASA - Alexandria 03B Red,2,4,42
1. SC BW Wulfen,11,3,41
Ameris Ltd,41,0,41
AFC Gornal,11,3,41
HeartsofOak,21,2,41
AGF Womens Football,21,2,41
Ahrensburger TSV,21,2,41
AKADEMIA PIŁKARSKA MOTOR LUBLIN,11,3,41
김 승윤(모),0,4,40
Africa Football Élite Abidjan,40,0,40
Amr,0,4,40
Alphense Boys,0,4,40
Ball,0,4,40
Alc Longvic,0,4,40
southern soccer acadmey,0,4,40
Adrian,0,4,40
ACATEC SPAIN,0,4,40
Sharks,0,4,40
3D Lacrosse,0,4,40
aberdare rfc,0,4,40
2013 Cape Coral Cyclones U11 Girls Black,40,0,40
AFC Aldermaston First Team,10,3,40
AFC Brooklands,19,2,39
Academia Politehnica Iasi,39,0,39
Aberdeen West End,39,0,39
Blues,39,0,39
Albany Soccer Club,18,2,38
ACCADEMIA SPORTIMAGNA,18,2,38
4Cantera,18,2,38
Albion,18,2,38
ALCS,18,2,38
AFC Mustangs,8,3,38
Aberdare RFC,38,0,38
Academie Internationale de football Michel Hidalgo,38,0,38
AC football Club,38,0,38
East,37,0,37
Achterbroek Voetbalvereniging Vzw,17,2,37
2 licencias,37,0,37
academy 94,37,0,37
AUFCW,16,2,36
Abu Dhabi Harlequins,36,0,36
Al Jazira Club Football Academy Veo 3 team packag,35,0,35
2021 NorCal College Showcase,35,0,35
Afc sport academy,35,0,35
Algonquin HS Lacrosse,15,2,35
NFC,35,0,35
AC AMBOISE,15,2,35
Åbyhøj Basketball,15,2,35
A.C. TRENTO VEO 2,5,3,35
Abergavenny town,4,3,34
...,4,3,34
Altona Hockey Club,4,3,34
Ambassadors Football,14,2,34
Milan,3,3,33
Oilcats,3,3,33
aaa,3,3,33
Real madird,3,3,33
sdasd,3,3,33
3D Empire,3,3,33
AFC Acorns DS,3,3,33
NY Surf G'05 Elite 64,3,3,33
AFC,3,3,33
A3,3,3,33
Adelaide Titans FC,3,3,33
3D Basketball,3,3,33
1974 NFC,3,3,33
Stiv,3,3,33
Referee,3,3,33
erer,3,3,33
5v5 Sydney,33,0,33
Afc,2,3,32
A,2,3,32
A,2,3,32
jj,2,3,32
AFC,2,3,32
Ampleforth,2,3,32
AMSG,2,3,32
Ampthill,2,3,32
a,2,3,32
AFC,2,3,32
AFC,2,3,32
a,2,3,32
912,2,3,32
a,2,3,32
a,2,3,32
Amir,2,3,32
7oda,2,3,32
7 elite,2,3,32
780 JLC,2,3,32
{{ 7*7 }},2,3,32
dalle,2,3,32
360,2,3,32
360 Talent,2,3,32
2nd grade vs aggies,2,3,32
AmiWhu,2,3,32
Amigos FC,2,3,32
Dominick,2,3,32
2 korriku,2,3,32
Knights,2,3,32
Altona city,2,3,32
Altona city,2,3,32
Altona East,2,3,32
Met police SCL,2,3,32
Pro direct,2,3,32
Pro direct surrey SCL,2,3,32
Alvaro,2,3,32
Al Wakrah sport club,2,3,32
Mofty,2,3,32
Amadou,2,3,32
Adelaide United,2,3,32
Amaury,2,3,32
amber,2,3,32
FC Dallas U19 ECNL,2,3,32
Consol,2,3,32
Mt Durit Rangers,2,3,32
AIC,2,3,32
ARC,2,3,32
AYSO,2,3,32
Parker,2,3,32
Amesbury Town,2,3,32
AST,2,3,32
oioi,2,3,32
2012 NCFC Flyers,2,3,32
20Hforlafayette,2,3,32
United White 2009,2,3,32
….,2,3,32
Milton Adult Soccer Group,2,3,32
.........,2,3,32
..,2,3,32
..,2,3,32
.,2,3,32
.,2,3,32
.,2,3,32
.,2,3,32
.,2,3,32
.,2,3,32
.,2,3,32
.,2,3,32
Solano Surf,2,3,32
.,2,3,32
.,2,3,32
.,2,3,32
?,2,3,32
?,2,3,32
ass,2,3,32
AASS FOOTBALL,32,0,32
Alberta Soccer Association,12,2,32
HASSAN,2,3,32
000,2,3,32
Mike,2,3,32
Clovis Crossfire,2,3,32
132701,2,3,32
Rsl,2,3,32
USA,2,3,32
Surf Bay Area,2,3,32
Armour,2,3,32
Benfica Academy,2,3,32
Römershag,2,3,32
1974 Newark FC,2,3,32
Newark FC,2,3,32
1874 Northwich,2,3,32
144,2,3,32
13-11-2022 Soccer Pro,2,3,32
Dynamo,2,3,32
123,2,3,32
1234,2,3,32
123,2,3,32
123,2,3,32
123,2,3,32
123,2,3,32
12,2,3,32
10coaching,2,3,32
Fc Stars,2,3,32
08977,2,3,32
altahade,2,3,32
aa,2,3,32
Alsen,2,3,32
Rushden & Diamonds,2,3,32
AFC Fylde,2,3,32
Hayes,2,3,32
Holloway,2,3,32
AFC Liverpool,2,3,32
AFC Mackworth,2,3,32
Afc,2,3,32
AFC Mymms,2,3,32
Rushden and diamonds,2,3,32
Sudbury,2,3,32
ACSC,2,3,32
AFC SUSSEX,2,3,32
AFC Tattenhall,2,3,32
Urmston,2,3,32
Afc wembely,2,3,32
Finchely,2,3,32
Afl,2,3,32
aftab,2,3,32
Afturelding,2,3,32
The OD's,2,3,32
darwen ladies,2,3,32
Croydon Town,2,3,32
AFC Croydon Athletic,2,3,32
Adnan,2,3,32
Asphalt Green Soccer Club,2,3,32
Adriana,2,3,32
Adrian,2,3,32
adrian67666,2,3,32
Adrian570,2,3,32
Adrian,2,3,32
Archie,2,3,32
Adriel,2,3,32
Villa Rosa,2,3,32
aetos,2,3,32
AFC,2,3,32
AFC Aldermaston,2,3,32
astra,2,3,32
AFC Bexley,2,3,32
AFC Charvil,2,3,32
AFC creil,2,3,32
AG FC,2,3,32
Soccerland,2,3,32
Agnar,2,3,32
Airtame,2,3,32
Aisling Annacotty,2,3,32
FC COTE BLEU,2,3,32
Northeastern,2,3,32
ak,2,3,32
Ab,2,3,32
AB,2,3,32
AGF,2,3,32
Akhi Nazareth,2,3,32
Ak,2,3,32
Alabama FC,2,3,32
Alamance Christian School,2,3,32
Alameda HIgh School,2,3,32
AHS VAR women,2,3,32
Alan,2,3,32
Alar FC,2,3,32
Al,2,3,32
Alba eagles,2,3,32
AISDS,2,3,32
Airbenders,2,3,32
Águia Clube Desportivo,2,3,32
Aileach fc,2,3,32
Ggg,2,3,32
Ahmad,2,3,32
Ohio Galaxies FC club,2,3,32
ouda3,2,3,32
Kolobaly,2,3,32
Ahmed elsherif,2,3,32
Aj Elite Football,2,3,32
Aidan,2,3,32
Aidan,2,3,32
Donnelly,2,3,32
Aidan,2,3,32
Aidan,2,3,32
Galaxy,2,3,32
Auden,2,3,32
AIFC,2,3,32
Aik,2,3,32
Aileach,2,3,32
Sotra G06,2,3,32
Wolves,2,3,32
Albany creek,2,3,32
Aberdare Town,2,3,32
Hä,2,3,32
Waasa,2,3,32
abdul,2,3,32
Alarabi,2,3,32
Adan,2,3,32
Abdullahi,2,3,32
Abdulrahman,2,3,32
Gabriel,2,3,32
Abergele rugby club,2,3,32
Stevenson,2,3,32
Abhi,2,3,32
wasatch,2,3,32
Martin,2,3,32
Abner,2,3,32
Abraham,2,3,32
Abraham,2,3,32
abrma37,2,3,32
Abuturab,2,3,32
Ifk göteborg,2,3,32
Club Fußball,2,3,32
abc,2,3,32
Anv,2,3,32
aaaaa,2,3,32
Aaaa,2,3,32
AAA,2,3,32
aaaaaaaaaaa,2,3,32
Aalbeke Sport,2,3,32
AaB,2,3,32
AGF,2,3,32
RH soccer club,2,3,32
AaronFC,2,3,32
Aaron,2,3,32
Aaron,2,3,32
Aars HK,2,3,32
AAYSA,2,3,32
AB7,2,3,32
Abbe,2,3,32
Corduff,2,3,32
Abbey Villa,2,3,32
Abz,2,3,32
Academia Ubaté fc,2,3,32
academy,2,3,32
Rudders,2,3,32
Rosebuds,2,3,32
Azarbe,2,3,32
Onikambo,2,3,32
Addi,2,3,32
addy,2,3,32
aaf,2,3,32
Adelaide Blue Eagles,2,3,32
Adelaide City,2,3,32
comets,2,3,32
Raiders,2,3,32
Hawks,2,3,32
Adelaide Sport Science,2,3,32
Adelaide Victory,2,3,32
Pickering,2,3,32
APB,2,3,32
Quattromen Sports FC,2,3,32
Alpine Strikers,2,3,32
Adam,2,3,32
Morty,2,3,32
Academy,2,3,32
adam,2,3,32
Academy Sports Club,2,3,32
AC Brea,2,3,32
Padova,2,3,32
ac connecticut,2,3,32
Juniores Piedimulera,2,3,32
ACE,2,3,32
AC,2,3,32
AC Flora,2,3,32
Achilles,2,3,32
Ackermann,2,3,32
Ac Mercia,2,3,32
ACP,2,3,32
ACS Cobham,2,3,32
adz,2,3,32
Adam Rose Entertainment,2,3,32
Adam,2,3,32
Scottish 06B PDP,2,3,32
dynamo,2,3,32
Adiel,2,3,32
Albany creek,2,3,32
Alfie,2,3,32
Almaden,2,3,32
Almaden fc,2,3,32
markhiya,2,3,32
alnaser club,2,3,32
Alphabet,2,3,32
Ace,2,3,32
Sultan,2,3,32
Alfredo,2,3,32
alfie,2,3,32
Alfold fc,2,3,32
alfie,2,3,32
Mk dons,2,3,32
ASA,2,3,32
Alfarim,2,3,32
Sunderland fol,2,3,32
Alex,2,3,32
Alex Martinez,2,3,32
AlexisSoccer_16,2,3,32
Alexis Murray,2,3,32
Sport,2,3,32
Alex fc,2,3,32
Alex,2,3,32
Alex,2,3,32
alexandria white,2,3,32
Byrant,2,3,32
Allstars United SC,2,3,32
Welyn,2,3,32
AS,2,3,32
Jan,2,3,32
bvb,2,3,32
ali,2,3,32
Alisson,2,3,32
aljezera,2,3,32
Crossfire Premier,2,3,32
Allatoona,2,3,32
Allatoona Boys jv,2,3,32
Allen Rose,2,3,32
Allentown high school boys soccer,2,3,32
Allexton & new parks,2,3,32
All in,2,3,32
All-in Fc,2,3,32
All In Football Club,2,3,32
All-In FC,2,3,32
ALL-IN FC 05,2,3,32
All In FC,2,3,32
aik,2,3,32
AIK,2,3,32
dave,2,3,32
ALLORD,2,3,32
Alloysius FC,2,3,32
All Skills,2,3,32
Alexandria soccer association,2,3,32
Ali,2,3,32
Alexandria Soccer,2,3,32
AHFC,2,3,32
Aldersgate SC,2,3,32
Albion SC Hawaii G07 Academy,2,3,32
Albion SC,2,3,32
Albion,2,3,32
Patchy,2,3,32
Albion SC,2,3,32
Albion SC,2,3,32
Albion,2,3,32
Albion rovers fc,2,3,32
Albion,2,3,32
Shuang,2,3,32
Albion,2,3,32
AHFC,2,3,32
aldo,2,3,32
ALEXANDRIA,2,3,32
Albion 08 SW USCTX RL,2,3,32
Albion,2,3,32
albion,2,3,32
Albion,2,3,32
Albi Marssac TFA,2,3,32
Albie,2,3,32
Hui,2,3,32
Vejle boldklub,2,3,32
AB Tårnby,2,3,32
Alphafivemusic,2,3,32
Signs,2,3,32
Shots Trust,2,3,32
Albion Hurricanes,2,3,32
alec,2,3,32
Alestone park,2,3,32
Alec,2,3,32
Alexandria,2,3,32
Alex,2,3,32
APYFC,2,3,32
Alex,2,3,32
Alex,2,3,32
Alex Frye,2,3,32
Alex,2,3,32
South County,2,3,32
Aled,2,3,32
alex,2,3,32
Al ethihad u12,2,3,32
Alexander Test Club,2,3,32
Sandro,2,3,32
Istra 1961,2,3,32
Alek,2,3,32
wash,2,3,32
Alejandro,2,3,32
osu,2,3,32
Milan de miami,2,3,32
FFCK,31,0,31
.,31,0,31
3a RFEF,31,0,31
AC Potenza,31,0,31
Adnan,0,3,30
york city,0,3,30
Salisbury united,0,3,30
AC Brea,0,3,30
ADELAIDE VICTORY,0,3,30
AB Tårnby,0,3,30
Victory,0,3,30
Sotra G06,0,3,30
AFC,0,3,30
Nationals,0,3,30
APD,0,3,30
Creil,0,3,30
AFC Dunstable,0,3,30
Afi Jesús clemant,0,3,30
abadiño,0,3,30
AOC,0,3,30
A.B.A,0,3,30
Abc,0,3,30
...,0,3,30
AAM,0,3,30
Hey,0,3,30
2014 MSA,30,0,30
AIT GROUP,0,3,30
District Dynamo,0,3,30
.,0,3,30
.,0,3,30
Revs Academy & Scorpions,0,3,30
FC Dallas ETX,0,3,30
Celtics,0,3,30
Hotspurs,0,3,30
ELA,0,3,30
1974 NFC,0,3,30
Penn FC 2006M Black,0,3,30
CT Rush Select,0,3,30
2 R Ang,0,3,30
7SEPT,0,3,30
Deerpark fc alliance,0,3,30
Ali Analytics FC,30,0,30
Ajax 07B Dortmund,0,3,30
Admiral Ice Dome,10,2,30
Afc,0,3,30
Ambassadors,0,3,30
AFL,0,3,30
Davey,0,3,30
Karako,0,3,30
As Laval,0,3,30
Alingsås if,0,3,30
Alianza F.c,0,3,30
ali,0,3,30
Alex,0,3,30
ALEX,0,3,30
Alex,0,3,30
AC Athletico,10,2,30
Ajax København Sportsgymnasium,0,3,30
ASA,0,3,30
ASA,0,3,30
Alex,0,3,30
Mcb,0,3,30
Aldershot Town Youth,0,3,30
Albion SC,0,3,30
Alleycats,0,3,30
Alan,0,3,30
Akron North !,0,3,30
AJ Soccer,0,3,30
AC Amager,29,0,29
2021 Jaguars Boys Winter Showcase,29,0,29
Acland Burghley School,29,0,29
Afp18,28,0,28
AL2 Sport,8,2,28
+972 50-643-0407,8,2,28
4_SFI,28,0,28
AGFW FC,27,0,27
956 United,7,2,27
8800 Cherry Blossom RD,26,0,26
Alpha,26,0,26
Alta IF,26,0,26
21901670202897,6,2,26
al jazira,25,0,25
AYSO,25,0,25
Millie's football,25,0,25
Allianz Generalvertretung,25,0,25
Allens Veo,25,0,25
Alabama Footbal Club/United Soccer Club Huntsville,25,0,25
Ali Alawie,25,0,25
ACS Astra Kids Bucuresti,5,2,25
AFC Lewisham u10,25,0,25
Vs B-Elite,25,0,25
5280 Athletic SC,25,0,25
オリエントフットボールクラブ,25,0,25
2006 Boys Soccer,5,2,25
ノールチシティ,25,0,25
Albion Coaching,5,2,25
4CORNERSPORT,24,0,24
Alvechurch Football Club,4,2,24
AJAX PREMIER,4,2,24
AJAuxerre,23,0,23
ASA,23,0,23
Aas Fresnes,23,0,23
Pincrest,2,2,22
A Game Basketball,2,2,22
Alto Academy,2,2,22
PRIVATE,22,0,22
Alliance Soccer Cub,21,0,21
ACS Kinder,21,0,21
AC Horsens,21,0,21
6_SFI,21,0,21
AGF,21,0,21
806 UNITED,0,2,20
Century,0,2,20
Alex,0,2,20
alex,0,2,20
Sussex girls RTC,0,2,20
3d Lacrosse,0,2,20
Exhibition Games,0,2,20
1 ère équipe HUSA,0,2,20
06 Fire White,0,2,20
청룡유나이티드,0,2,20
Aldershot Town,0,2,20
American School of Paris,0,2,20
American Canyon High School,0,2,20
AMAIKAK BAT,0,2,20
Allentown United,0,2,20
A,20,0,20
AFU,20,0,20
Aalborg Avengers elojfapofjap ej rapæe apoej fpae,0,2,20
Alegria FK,0,2,20
ALHS,0,2,20
Albion,0,2,20
AD San Juan,0,2,20
Aarup Boldklub,0,2,20
ABIDJAN CITY FC,0,2,20
ACADEMIA RAYO VALLECANO FEMENINO,0,2,20
ALBION HURRICANES,0,2,20
academy volleyball cleveland,0,2,20
Fiorentina,0,2,20
ACS PE URMELE CAMPIONILOR,0,2,20
Adrian College Soccer,0,2,20
Agerbæk SF,0,2,20
AIK P2006 S2,0,2,20
Algoma University - Women's Soccer,0,2,20
Airdrie u16s,0,2,20
Akademie Kapfenberg,0,2,20
Albe F.C.,0,2,20
Alberta Pro Hockey,0,2,20
77,19,0,19
Alliancen if,19,0,19
Agf,18,0,18
Afc Chelmsley,18,0,18
aas fresnes rugby,18,0,18
Academia germana,18,0,18
AFPD,17,0,17
AL FC 05/06 Girls ECRL,17,0,17
Cedars sport academy,17,0,17
ALL-IN ATHLETIC TRAINING INC,17,0,17
+1 720-285-9953,17,0,17
8704240194,16,0,16
AHFC,16,0,16
Aim 4 Hope CIC,16,0,16
16's Ella Wilson,16,0,16
2007 Girls Force White,16,0,16
1. FC Kleve,16,0,16
トライルサッカークラブ,16,0,16
aa,15,0,15
Aberdare Town,15,0,15
Kfum,15,0,15
a,15,0,15
08G DPL,15,0,15
247 Football Club Soar,15,0,15
5_SFI,14,0,14
Altona city,14,0,14
Afan nedd county,14,0,14
24seven sport,14,0,14
16's Rhiannon Mallaburn,14,0,14
16’s Mya Forgie,14,0,14
.,13,0,13
Addie Soccer,13,0,13
AFC Lightning,13,0,13
Altona City,13,0,13
Maddi,13,0,13
Altona City,13,0,13
2012 Boys - San Diego,13,0,13
AEK LARNAKA,12,0,12
Altona,12,0,12
Alexandra Armadillos,12,0,12
AIM Michal Bazala,12,0,12
Aggies FC,12,0,12
Sparta,12,0,12
PEREIRA,12,0,12
Abdi,12,0,12
16’s Emily Bloomer,12,0,12
ABECAT OUVIDORENSE,12,0,12
+34 607 38 33 51,11,0,11
Altona City,11,0,11
ASC 06B,11,0,11
Alexandra Knights FC,11,0,11
Ahmed,11,0,11
Pôle Espoirs Rugby Lyon,11,0,11
altona city,11,0,11
2014G TSJFCV-JCK,11,0,11
16s poppy pritchard,11,0,11
16’s Katy Watson,11,0,11
09,11,0,11
16B Academy 1,11,0,11
1.FC Leibnitz,11,0,11
Accel,10,0,10
Almere City,10,0,10
AFC Ewell,10,0,10
AFCB,10,0,10
ACADEMIE UNIVERS,10,0,10
AB,10,0,10
204653106,10,0,10
16’s Mya Forgie,10,0,10
albatros,9,0,9
AMSG FC,9,0,9
Altona City SC,9,0,9
KIK,9,0,9
Albion Rovers,9,0,9
Alliance United,9,0,9
aib,9,0,9
......,9,0,9
Königstein,9,0,9
14:ae:85:92:03:86,9,0,9
Messina,9,0,9
PDA southampton,8,0,8
Perth Sc,8,0,8
FC Wisconsin,8,0,8
Altona city,8,0,8
AHC,8,0,8
New Parks,8,0,8
LJSA Chelsea,8,0,8
Albion,8,0,8
Helsingborgs ig,8,0,8
Afturelding,8,0,8
Ægir,8,0,8
Abed Gaouaou,8,0,8
KFUM,8,0,8
956 UNITED U12G,8,0,8
402 DA,8,0,8
2010 West Florida Flames,8,0,8
1. FC Union Berlin,8,0,8
1.FC-TSG Königstein,8,0,8
Accademia Borgomanero,8,0,8
ASA,7,0,7
Albion SC Hawaii,7,0,7
Aldershot Town,7,0,7
ÅFD,7,0,7
al.rus,7,0,7
Altona city,7,0,7
Næsby U17,7,0,7
Allez l’OM,7,0,7
Almere City FC,7,0,7
Alterna,7,0,7
Altona City,7,0,7
Albion,7,0,7
Alejandro,7,0,7
AB,7,0,7
Königstein,7,0,7
AJ Auxerre,7,0,7
イーストール,7,0,7
ジュエフットボールクラブ,7,0,7
16’s Keira Skelton,7,0,7
1. FSV Mainz 05,7,0,7
07 DKSC,7,0,7
5th White,7,0,7
AaB,7,0,7
AGF,7,0,7
AC Horsens U14,7,0,7
Aia,7,0,7
AIK dam,6,0,6
Adrian Mitroi,6,0,6
AFCB,6,0,6
AFC Rushden & Diamonds,6,0,6
AGBU,6,0,6
AGF/Viby/Stavtrup,6,0,6
ÅIFK Edustus,6,0,6
AIK,6,0,6
Älvsjö,6,0,6
Alexandra RFC,6,0,6
Affe,6,0,6
Ali,6,0,6
All Sports 4 Kids,6,0,6
a,6,0,6
ADM Tigers,6,0,6
Amical,6,0,6
asc,6,0,6
ADO Den Haag,6,0,6
River plate,6,0,6
AC MAZZO 80,6,0,6
A27,6,0,6
AC Horsens,6,0,6
Aalborg FDK,6,0,6
.,6,0,6
Slovácko,6,0,6
1.FC Wilmersdorf,6,0,6
Future 500,6,0,6
621106-1053,6,0,6
FCN,6,0,6
A2C Footsider,6,0,6
AFDK,6,0,6
Åbyggeby FK,6,0,6
AC Amager,6,0,6
AC AMAGER ACADEMY,6,0,6
ACBB,6,0,6
AaB,6,0,6
A.C.D. Briga Novarese 1970,6,0,6
AKSA,5,0,5
Sjuntorp,5,0,5
Frome Town,5,0,5
Alemannia Aachen,5,0,5
Alabama FC,5,0,5
AFC,5,0,5
AB,5,0,5
Galid,5,0,5
AB,5,0,5
A.J.AUXERRE,5,0,5
AIK FF,5,0,5
Tevredengroup,5,0,5
Alexander George Lafkas,5,0,5
Allstar Soccer Leagues,5,0,5
Ali Benmansour,5,0,5
Ali Shaker,5,0,5
Hampstead & Westminster HC,5,0,5
Al Jazira Junior Academy,5,0,5
Allen Gaels,5,0,5
AC Horsens,5,0,5
Alliance Girls Soccer,5,0,5
A.I.K,5,0,5
Altona City Soccer Club,5,0,5
Amager Pigefodbold,5,0,5
USSF,5,0,5
AHTTHTIS,5,0,5
AIK,5,0,5
...,5,0,5
AGF,5,0,5
5ta Albion,5,0,5
AFC Stoneham,5,0,5
08G Fire Red,5,0,5
AHFC 09G ECNL,5,0,5
1,5,0,5
16s Leanna Giles,5,0,5
FCP,5,0,5
1. FC Magdeburg,5,0,5
1.FCN,5,0,5
Union Berlin,5,0,5
1. FSV Mainz 05 e.V.,5,0,5
Lakeshore club,5,0,5
247 Football Club,5,0,5
*,5,0,5
A27,5,0,5
ACAA,5,0,5
A3 Storm,5,0,5
Adam,5,0,5
Acbb,5,0,5
Acbb,5,0,5
Ad bras,5,0,5
AX Basketball,5,0,5
AFDK,5,0,5
AaB,5,0,5
Team Travers,5,0,5
AaB,5,0,5
Airborne,4,0,4
Aghamore,4,0,4
AGOVV,4,0,4
AHFC royals,4,0,4
AIK,4,0,4
Ajax,4,0,4
Airbus,4,0,4
AKA,4,0,4
Åkra,4,0,4
Afturelding,4,0,4
AKS SMS ŁÓDŹ,4,0,4
Afturelding,4,0,4
Crusaders Colts,4,0,4
AFC Wimbledon,4,0,4
Harriers,4,0,4
Aemme Buuzzards,4,0,4
aek,4,0,4
North Ryde Soccer Club,4,0,4
referee,4,0,4
Admiral Bball,4,0,4
aderab,4,0,4
Olympic kingsway,4,0,4
Adam,4,0,4
A-lag P19,4,0,4
Alabama FC,4,0,4
Alliance Fire,4,0,4
Albany High,4,0,4
Albatross,4,0,4
dalkurd ff,4,0,4
Amiens SC,4,0,4
Ambassadors,4,0,4
Älvsjö U17,4,0,4
Älvsjö,4,0,4
Altrincham grammar school for boys,4,0,4
Altona 93,4,0,4
Altona City,4,0,4
Altitude,4,0,4
Alsozsolca,4,0,4
Alli shemper,4,0,4
AC Sparta Praha,4,0,4
Alfonzo,4,0,4
Referee,4,0,4
Alexandria Soccer Association,4,0,4
Alexandra Girouard,4,0,4
Albirex,4,0,4
Albion,4,0,4
Albion SC,4,0,4
Albion SC Las Vegas,4,0,4
ahfc,4,0,4
Albion East 13G,4,0,4
Albion 07 ECRL,4,0,4
AC等々力,4,0,4
Allerød,4,0,4
AC Sparta Praha,4,0,4
531,4,0,4
2023 Games,4,0,4
2021 TASCO All-Star Game,4,0,4
2013 Crew I,4,0,4
Michigan Jags,4,0,4
2008 NTX ODP,4,0,4
05,4,0,4
1. FFC Ingelheim,4,0,4
1. FC Union Berlin,4,0,4
1. FC Union Berlin,4,0,4
Slovácko,4,0,4
1. FC nürnberg U10,4,0,4
1.FCM,4,0,4
1. FC Köln,4,0,4
1. FC Kleve,4,0,4
1. FC Frankfurt Oder,4,0,4
16’s Lucy McConnell,4,0,4
16'sGeorginaSpraggon,4,0,4
12345,4,0,4
1165226,4,0,4
...,4,0,4
.,4,0,4
.,4,0,4
AC Seyssinet,4,0,4
240 Sport,4,0,4
/////,4,0,4
a,4,0,4
AAIF,4,0,4
aaa,4,0,4
ACFF,4,0,4
ACFF,4,0,4
Accrington Stanley,4,0,4
accademia isola bg,4,0,4
AC Amager,4,0,4
Academy Soccer,4,0,4
Academia West Ham United,4,0,4
A.G.F,4,0,4
Academia germana de fotbal,4,0,4
academia germana,4,0,4
AC Oulu,4,0,4
ABV,4,0,4
Abidjan Football League,4,0,4
E,4,0,4
Ab,4,0,4
Aberdare Town Football Club,4,0,4
Abc foot,4,0,4
ABC Braník,4,0,4
Abbey Rangers,4,0,4
Green Gully SC,4,0,4
Aarhus Fremad U23,4,0,4
Aafk,4,0,4
Albion,3,0,3
Tiki,3,0,3
Aldershot,3,0,3
Albuquerque United FC Thorns,3,0,3
Albion,3,0,3
Albion SC Hawaii 2006B,3,0,3
Albion SC Delaware,3,0,3
Albion National Team- Red 2012,3,0,3
Albion National Team,3,0,3
NTH Tophat,3,0,3
Alejandro,3,0,3
Usv Fuschl,3,0,3
Referee,3,0,3
Alex,3,0,3
AMD,3,0,3
Florida Rush,3,0,3
Ali,3,0,3
Alexandria ‘66,3,0,3
ASA 2014 G u9,3,0,3
Alex,3,0,3
Alex Oprea,3,0,3
Alex,3,0,3
Wagentristl,3,0,3
Albion,3,0,3
Ålgård FK,3,0,3
Akademisk Boldklub,3,0,3
AHFC 06 ECNL,3,0,3
Aix FC,3,0,3
AHG Fokkerstraat 22A,3,0,3
Alingsås KIK,3,0,3
AIA,3,0,3
AIA CPA Trento,3,0,3
Aidan,3,0,3
AIK,3,0,3
AIK ungdomsfotboll,3,0,3
AIK P15,3,0,3
AIK,3,0,3
Ain Sud,3,0,3
Airbus UK,3,0,3
Ajax,3,0,3
Albion,3,0,3
Ajax United,3,0,3
KGHM Zagłębie Lubin,3,0,3
Ab,3,0,3
AB,3,0,3
AB,3,0,3
AB,3,0,3
perth soccer club u14npl,3,0,3
Alabama FC,3,0,3
Alan Bennett,3,0,3
Albany Creek SHS,3,0,3
Albin,3,0,3
Alingsås IF,3,0,3
Altona City,3,0,3
Ali,3,0,3
Fighting Irish,3,0,3
Alu,3,0,3
Aluvion,3,0,3
Alvaro,3,0,3
Alvdal,3,0,3
Alvechurch,3,0,3
Älvsborg FF,3,0,3
Älvsjö AIK,3,0,3
Älvsjö,3,0,3
Always Forward,3,0,3
A27,3,0,3
Amanda,3,0,3
Rush,3,0,3
Amazon Grimstad,3,0,3
Amazon Grimstad FK,3,0,3
AFC,3,0,3
Amber Valley Ladies,3,0,3
Langton green,3,0,3
U14’s,3,0,3
American University,3,0,3
AMH,3,0,3
Amical Basket Club de la Goële,3,0,3
AFC,3,0,3
ADCV,3,0,3
Alton FC,3,0,3
Magic,3,0,3
Allach,3,0,3
Altona Hockey Club,3,0,3
Nibe Bk,3,0,3
ASV GEEL,3,0,3
Allen Mao,3,0,3
Allerød FL,3,0,3
AFK,3,0,3
Alliance,3,0,3
Alliance Fc,3,0,3
AS laval,3,0,3
AS Laval,3,0,3
Alianza,3,0,3
Allina,3,0,3
AIK,3,0,3
Tom,3,0,3
Allstars,3,0,3
Almaden Valley FC,3,0,3
Almere City FC,3,0,3
Almere City FC,3,0,3
Alphense Boys (2e account),3,0,3
Alresford Town Lions,3,0,3
Älta,3,0,3
Älta Damjuniorer,3,0,3
Altitude rush,3,0,3
Altona City,3,0,3
Aguilas,3,0,3
CFC,3,0,3
AGF,3,0,3
A,3,0,3
21075,3,0,3
21925744986257,3,0,3
Valur,3,0,3
2GPR (Civil Engineering) Ltd,3,0,3
123,3,0,3
47 AVENUE DU PONT DE BOIS,3,0,3
4AllPlayers,3,0,3
7 Elite Academy 06G North,3,0,3
Partido 7 villas,3,0,3
8704240194,3,0,3
Søndersø IF,3,0,3
A,3,0,3
Gæst,3,0,3
AaB,3,0,3
Aabybro IF,3,0,3
AaFK,3,0,3
aaf,3,0,3
AaB,3,0,3
AaB,3,0,3
AALDK,3,0,3
AGF,3,0,3
AB,3,0,3
Karlslund IF FK,3,0,3
Abbey Park OT,3,0,3
2022 Internationals SC u17 GLA,3,0,3
FCW,3,0,3
1. FC Saarbrücken,3,0,3
FC Naurod,3,0,3
AGF,3,0,3
.,3,0,3
.,3,0,3
.,3,0,3
.,3,0,3
..,3,0,3
순복음총신대,3,0,3
03/04 Will Showcase,3,0,3
Washington Timbers FC,3,0,3
05 MT Surf,3,0,3
Washington Timbers FC,3,0,3
08G Vs. Foothills,3,0,3
10 coaching,3,0,3
10G,3,0,3
1860 München,3,0,3
1.CfR Pforzheim,3,0,3
1. FC 1906 Erlensee U16,3,0,3
1. FC Heidenheim 1846,3,0,3
FCK,3,0,3
FCK,3,0,3
1. FC Magdeburg,3,0,3
FCM,3,0,3
1. FC Magdeburg U12,3,0,3
Abbey Rangers,3,0,3
Deutsche Fussball Akademie,3,0,3
président,3,0,3
AFC Lightning,3,0,3
Adelaide Victory,3,0,3
Junior Santos,3,0,3
Aden,3,0,3
Admir,3,0,3
ADO Den Haag,3,0,3
A Dudeck,3,0,3
A,3,0,3
AE EVOSMOU,3,0,3
Aek,3,0,3
AFC Bournemouth,3,0,3
AFC,3,0,3
AFC Lightning,3,0,3
Adel,3,0,3
Lytham,3,0,3
AFC St Austell Ladies,3,0,3
AFC Stoneham UTD U18,3,0,3
Afc Union,3,0,3
AFC Varndean,3,0,3
AFC Varndeanians,3,0,3
ÄFF,3,0,3
Africa United,3,0,3
Afturelding,3,0,3
Domare,3,0,3
afturelding mfl kvk,3,0,3
AUSC,3,0,3
AFC Compiègne,3,0,3
Abigail,3,0,3
Ac Amager,3,0,3
Abdel,3,0,3
Emmanuel,3,0,3
Aberavon Quins,3,0,3
Aberdeen,3,0,3
Aberdeen West End Girls,3,0,3
ABFC ANDREZIEUX-BOUTHEON,3,0,3
Abhi Veo,3,0,3
Abington youth football,3,0,3
AC,3,0,3
Academie GFI,3,0,3
Som united,3,0,3
L'Académie des Alpes,3,0,3
AC Bobigny,3,0,3
Accrington Stanley,3,0,3
Accrington Stanley Community Trust,3,0,3
ACTAS,3,0,3
Acton,3,0,3
ACVF,3,0,3
ACY,3,0,3
Seapoint,3,0,3
Adam,3,0,3
Adam,3,0,3
West Park Leeds,3,0,3
AB,2,0,2
Akam,2,0,2
Åkersberga FC,2,0,2
Åkra,2,0,2
Alabama FC,2,0,2
AISR,2,0,2
AFC,2,0,2
Alabaster 05/06 Select,2,0,2
ASC Islanders,2,0,2
AFC,2,0,2
Alamein,2,0,2
AB,2,0,2
Alamo Heights,2,0,2
AB,2,0,2
Aix fc,2,0,2
SMS APR,2,0,2
AK1,2,0,2
AJ’s future,2,0,2
Ajax Video Analyse,2,0,2
ASC,2,0,2
Ajax,2,0,2
AJA,2,0,2
AJ AUXERRE,2,0,2
AJ Auxerre,2,0,2
Aix les bains,2,0,2
Aix,2,0,2
Alanb,2,0,2
Alan,2,0,2
Albion,2,0,2
Åland Referees,2,0,2
Alan,2,0,2
Aisling Annacotty,2,0,2
Albion SC,2,0,2
Albion Park White Eagles,2,0,2
Albion,2,0,2
Albion,2,0,2
Albion,2,0,2
Benjamin AHFC,2,0,2
Albion FC,2,0,2
Albion,2,0,2
Albion,2,0,2
Albion,2,0,2
Albion,2,0,2
Albin,2,0,2
AMTF,2,0,2
Albertville High School Men's Soccer,2,0,2
AIF,2,0,2
Alberta Soccer,2,0,2
Alberta,2,0,2
IF Karlstad Fotboll,2,0,2
Alba Soccer Academy,2,0,2
Albany HS Varsity,2,0,2
Albany Girls Soccer,2,0,2
Alaska,2,0,2
Alanyaspor,2,0,2
Guildford Saints Tornadoes,2,0,2
Alan,2,0,2
Al,2,0,2
Aisling,2,0,2
AFC Rushden & Diamonds,2,0,2
FC Aïre,2,0,2
AGF,2,0,2
AGF,2,0,2
Agervej,2,0,2
Age Group- Player Name,2,0,2
AGB,2,0,2
AFF,2,0,2
Afdk,2,0,2
AFC Wulfrunians,2,0,2
AFC Wimbledon,2,0,2
AFC Wimbledon,2,0,2
AFC wimbledon,2,0,2
AFC Wilgar,2,0,2
Whyteleafe,2,0,2
AFC,2,0,2
AFC Wembley,2,0,2
AFC Walcountians,2,0,2
AFC Varndeanians,2,0,2
Telford,2,0,2
Sudbury,2,0,2
A.F.C Stoneham Wolves,2,0,2
Albion,2,0,2
Rushden and diamonds,2,0,2
AFC Richmond,2,0,2
AFC Portchester U18's,2,0,2
AFC Portchester,2,0,2
Newbury,2,0,2
AFC Neumarkt,2,0,2
AFC Market Bosworth,2,0,2
AGF,2,0,2
AGF Kvindefodbold,2,0,2
Airbus FC Academy,2,0,2
AGF,2,0,2
Airbus,2,0,2
Airborne,2,0,2
Airdrieonians,2,0,2
AIK P11,2,0,2
AIK,2,0,2
Aif,2,0,2
AIF_club_house,2,0,2
AIFC,2,0,2
Aif,2,0,2
Aiden,2,0,2
Aidan,2,0,2
Mohamed,2,0,2
AIA SARONNO,2,0,2
AIA Belluno,2,0,2
Amme,2,0,2
Ahmed mahmood,2,0,2
Charre,2,0,2
Ahmed Ammar,2,0,2
Ahmed,2,0,2
Ahlafors IF,2,0,2
Aguilas Doradas,2,0,2
Águilas,2,0,2
Agnes Scott College,2,0,2
AOAN,2,0,2
AGIA PARASKEVI,2,0,2
Aghyaran,2,0,2
Aggie,2,0,2
ALB,2,0,2
Cricklewood,2,0,2
Alcester RFC,2,0,2
Alviks IK,2,0,2
Alvernia,2,0,2
Alvernia Men's Soccer,2,0,2
Alvarado Sports,2,0,2
Alton hc,2,0,2
Altona Magic,2,0,2
Altona city soccer club,2,0,2
Altona City,2,0,2
Altona city,2,0,2
Altona city,2,0,2
altona city,2,0,2
altona city,2,0,2
Altimira,2,0,2
Älta IF,2,0,2
ALTA IF,2,0,2
Als,2,0,2
Al-Raed FC,2,0,2
Alport,2,0,2
Alphense Boys,2,0,2
Alphense boys,2,0,2
Alpha Forms,2,0,2
Älmhults if,2,0,2
Almere City FC,2,0,2
Almere City,2,0,2
Allstars FC,2,0,2
AllSkills,2,0,2
AllSkills,2,0,2
Allied,2,0,2
AGIF,2,0,2
Älvsborg,2,0,2
Alcester RFC,2,0,2
Älvsborg,2,0,2
AFC Green Court,2,0,2
Afc,2,0,2
AMSG FC,2,0,2
Ammitsbøl Fodbold,2,0,2
Amman United,2,0,2
Amin,2,0,2
AS VERSON,2,0,2
Amherst College,2,0,2
Ames Soccer Club,2,0,2
Ames Soccer Club,2,0,2
Amesbury Tornadors,2,0,2
American Scout Network,2,0,2
AFGS,2,0,2
Amelia Hockey,2,0,2
ambrose,2,0,2
Ambassadors,2,0,2
Amazon,2,0,2
amateur,2,0,2
Amarillo Rush,2,0,2
Amaranth Crossgates,2,0,2
Amar,2,0,2
Amanda,2,0,2
NIST Faclons,2,0,2
APF,2,0,2
ÄAIK,2,0,2
Älvsjö AIK,2,0,2
Älvsjö P09 Vit,2,0,2
AS Laval,2,0,2
Allesø,2,0,2
Allerton,2,0,2
Allerød FK,2,0,2
Alex,2,0,2
Herning fremad,2,0,2
alex,2,0,2
NSSA,2,0,2
Jølster,2,0,2
Alex,2,0,2
Alex,2,0,2
Alex,2,0,2
BCFC,2,0,2
Alets IK,2,0,2
Rush,2,0,2
Alex,2,0,2
Fc Slovan Liberec U17,2,0,2
Alemannia Aachen,2,0,2
Aleksi,2,0,2
Qviding FIF Dam,2,0,2
PR TEAM,2,0,2
Forza 2008,2,0,2
Aledo,2,0,2
Alec Hunter,2,0,2
Aldo,2,0,2
Aldershot Town Football Club,2,0,2
Aldershot Town,2,0,2
Aldershot,2,0,2
AlderburyFC,2,0,2
Aldenham,2,0,2
Aldenham,2,0,2
Alex,2,0,2
Alexandra Park WFC,2,0,2
Lexi,2,0,2
West Ham,2,0,2
Allenwood,2,0,2
Allen East,2,0,2
Allemania aacgen,2,0,2
Dvinge,2,0,2
Alkharaitiyat sport clun,2,0,2
F19,2,0,2
Ali,2,0,2
Alief,2,0,2
Momme,2,0,2
Ålgård FK,2,0,2
Álftanes,2,0,2
Alfie Howden,2,0,2
Alex Walpole,2,0,2
Pinheiro,2,0,2
Alex Test,2,0,2
Alex shaw,2,0,2
Ref,2,0,2
Alexis Guillon,2,0,2
Alex fc,2,0,2
Alex,2,0,2
Alex Blower,2,0,2
ASA,2,0,2
Alexandria Soccer Association,2,0,2
Alexandria,2,0,2
Alexandria Soccer,2,0,2
Alexandre FRAPPREAU,2,0,2
AFC Legion,2,0,2
32 Rue des Lys,2,0,2
AFC FYLDE u11,2,0,2
a,2,0,2
a,2,0,2
aaa,2,0,2
The Goal Getter,2,0,2
Francis Fc,2,0,2
7 Hills,2,0,2
7ARanch,2,0,2
780,2,0,2
780,2,0,2
78,2,0,2
703,2,0,2
56ers,2,0,2
54079240F,2,0,2
49er United Soccer Club - Blast,2,0,2
3rd Eye FC,2,0,2
ÍA,2,0,2
37 clos Carrère,2,0,2
360 TSA,2,0,2
212000-1082,2,0,2
2024,2,0,2
2015G PFCU,2,0,2
2011 MLS Next,2,0,2
Boston Bolts,2,0,2
2009 1.B,2,0,2
2008 PLSJQ CS Longueuil U16,2,0,2
2008 Michigan Hawks,2,0,2
2008,2,0,2
Chicago Fire Juniors Club,2,0,2
a,2,0,2
Rugby,2,0,2
AAu Texas hardwork,2,0,2
a,2,0,2
Sv Aartselaar,2,0,2
Aaron,2,0,2
Aarhus United U19,2,0,2
AGF,2,0,2
AGF,2,0,2
Årby GI,2,0,2
Aalborg KFUM,2,0,2
Aalborg Håndbold Ungdom,2,0,2
Aalborg Foldbolddommerkluv,2,0,2
Chang,2,0,2
AAFC,2,0,2
Knights,2,0,2
Aade,2,0,2
AaHK,2,0,2
AaBK,2,0,2
Aabk,2,0,2
AaBK,2,0,2
AaB 22222,2,0,2
AA,2,0,2
Aaa,2,0,2
aaa,2,0,2
A27,2,0,2
A27,2,0,2
A,2,0,2
A,2,0,2
A,2,0,2
A,2,0,2
2,2,0,2
1UP Soccer,2,0,2
1. SV Maria Anzbach,2,0,2
Leys Hockey,2,0,2
01. FACR TV,2,0,2
001977,2,0,2
부산아이파크,2,0,2
장현주,2,0,2
なし,2,0,2
….,2,0,2
…,2,0,2
..,2,0,2
...,2,0,2
...,2,0,2
..,2,0,2
..,2,0,2
.,2,0,2
.,2,0,2
.,2,0,2
.,2,0,2
.,2,0,2
.,2,0,2
.,2,0,2
.,2,0,2
.,2,0,2
.,2,0,2
.,2,0,2
.,2,0,2
///,2,0,2
.,2,0,2
Lymm Rovers,2,0,2
04/05 CR Rapids Select,2,0,2
0419 RTG,2,0,2
Lobos,2,0,2
FC Heidenheim,2,0,2
Znojmo,2,0,2
1. SC Göttingen 05,2,0,2
1. Jugend Fussballschule Köln,2,0,2
1. FSV Mainz 05,2,0,2
FC Viersen,2,0,2
1.FC Union Berlin,2,0,2
1.FC Königstein,2,0,2
1.FC Slovácko,2,0,2
FCS,2,0,2
1. FC Monheim,2,0,2
1. FC Magdeburg,2,0,2
FC Köln,2,0,2
1.FC Frankfurt,2,0,2
06 Blue,2,0,2
1. Fc Frankfurt,2,0,2
FC Erlensee,2,0,2
18 montée de collonge,2,0,2
16.11.1971,2,0,2
11s,2,0,2
11210UB,2,0,2
1,2,0,2
Washington Timbers FC,2,0,2
08 NPL,2,0,2
Washington Timbers FC,2,0,2
Washington Timbers FC,2,0,2
06,2,0,2
Arizona Arsenal Soccer Club RL,2,0,2
AB,2,0,2
AFC Foresters,2,0,2
Adelaide University Soccer Club,2,0,2
Hawks,2,0,2
Comets,2,0,2
Alan,2,0,2
Addison soccer,2,0,2
used in casual conversation,2,0,2
Adarve,2,0,2
Adare,2,0,2
ADARE360,2,0,2
SHMA,2,0,2
Adams State Men's soccer,2,0,2
Old Rutlishians,2,0,2
Adam,2,0,2
Adam Milton,2,0,2
Brookehouse College Football Academy,2,0,2
Adam Guilfoyle,2,0,2
Adam French,2,0,2
Butler,2,0,2
Adam,2,0,2
adam,2,0,2
Ada Lovelace CE High School,2,0,2
AD Alcorcón,2,0,2
Activate Learning City of Oxford College,2,0,2
"AC Sparta Praha fotbal, a.s.",2,0,2
AC Sparta Praha,2,0,2
AC Sparta Praha,2,0,2
Acs,2,0,2
ATW,2,0,2
Adelaide Jaguars,2,0,2
Adolfsberg,2,0,2
Vigerslev,2,0,2
Adi,2,0,2
AFC Eskilstuna,2,0,2
AFC Eskilstuna,2,0,2
AFC Ermont,2,0,2
Afc creil u18 feminin,2,0,2
AFC Crawley,2,0,2
AFC Bournemouth CST,2,0,2
AFC Bournemouth Community Sports Trust,2,0,2
AFC,2,0,2
AFC,2,0,2
AFC Ajax,2,0,2
AFC 34 U23,2,0,2
afc'34,2,0,2
AFC 09_3,2,0,2
AFC,2,0,2
Footage,2,0,2
AFC,2,0,2
Afc,2,0,2
Afc,2,0,2
AETOS LOYTRON,2,0,2
AES,2,0,2
AEL,2,0,2
AE,2,0,2
Advanced Player Development,2,0,2
Adry,2,0,2
Nacka FC,2,0,2
Balla Secondary School,2,0,2
Adrian-Crusaders,2,0,2
ACR,2,0,2
Ac Paris 15,2,0,2
AC M,2,0,2
A Clubhouse,2,0,2
Academia Germană,2,0,2
Academia germana,2,0,2
Stafford Atletico,2,0,2
AC Academy 2010,2,0,2
Åbyhøj,2,0,2
ABV Stuttgart,2,0,2
AB U-14/2,2,0,2
Absegami High School Girls Soccer,2,0,2
Aboyne,2,0,2
ABOUT FUTBOL,2,0,2
Abk,2,0,2
Abingdon Utd U18,2,0,2
Abingdon School,2,0,2
Aviron Bayonnais,2,0,2
Aber Town,2,0,2
Abertillery under 10,2,0,2
Wanderers,2,0,2
ADRRS,2,0,2
Abdi,2,0,2
Abdi,2,0,2
Licence B,2,0,2
ABC Braník,2,0,2
ABC,2,0,2
abc,2,0,2
Abbey Rangers u18,2,0,2
Russ,2,0,2
Abbe,2,0,2
AGF,2,0,2
Planète foot,2,0,2
Académie Seconde Chance,2,0,2
Access sport Norwich,2,0,2
AC Horsens,2,0,2
AC Horsens,2,0,2
achorsens,2,0,2
Achilles,2,0,2
Achilles1894,2,0,2
Achel VV,2,0,2
Achel VV,2,0,2
ACE,2,0,2
DOXA ANOIXIS,2,0,2
ACCS,2,0,2
Accrington Stanley,2,0,2
A.C. CHIEVOVERONA,2,0,2
JPS / HEADS UP VEST / ACCELERATOR SCHOOL,2,0,2
Academie Moulins,2,0,2
Ac Cambrai,2,0,2
Accademia Borgomanero,2,0,2
Acbb,2,0,2
ACA Varsity Boys Basketball,2,0,2
Acardia JEJ Ltd t/a REACH EFS,2,0,2
AC Amager Academy,2,0,2
AC Amager Academy,2,0,2
AC Amager,2,0,2
Ac Ajaccio,2,0,2
Academy Soccer,2,0,2
Academy66,2,0,2
Academix FC,2,0,2
AFC,2,0,2
